etnia;genero;nhijos;edad;promedio;modalidad;vs;he;rendimiento
Mestizos;FEMENINO;0;22;7.89;0;0;3.7;ALTO
Mestizos;FEMENINO;0;55;9.555;0;1;2.3;ALTO
Blancos;MASCULINO;3;48;9.715;0;1;2.4;ALTO
Mestizos;MASCULINO;2;32;7.805;0;0;3.3;ALTO
Mestizos;FEMENINO;3;48;9.065;0;1;3.3;ALTO
Mestizos;MASCULINO;0;41;8.405;0;0;4.1;ALTO
Mestizos;MASCULINO;1;41;9.2;0;1;2.5;ALTO
Mestizos;FEMENINO;3;42;9.035;0;1;3.7;ALTO
Mestizos;MASCULINO;0;35;9.58;0;1;2.1;ALTO
Mestizos;MASCULINO;2;34;9.47;0;1;2.3;ALTO
Mestizos;FEMENINO;2;42;8.905;0;0;3.5;ALTO
Mestizos;FEMENINO;2;40;8.895;0;0;3.5;ALTO
Mestizos;FEMENINO;2;37;8.99;0;0;3.6;ALTO
Mestizos;FEMENINO;2;27;9.4;0;1;3.4;ALTO
Mestizos;MASCULINO;0;38;8.73;0;0;2.7;ALTO
Mestizos;MASCULINO;0;30;9.415;0;1;2.1;ALTO
Mestizos;MASCULINO;0;29;8.55;0;0;3;ALTO
Mestizos;MASCULINO;0;29;8.86;0;0;3.8;ALTO
Mestizos;MASCULINO;1;31;8.61;0;0;2.2;ALTO
Mestizos;FEMENINO;3;32;9.005;0;1;2.5;ALTO
Blancos;FEMENINO;0;23;8.455;0;0;3;ALTO
Mestizos;FEMENINO;1;35;9.49;0;1;3.5;ALTO
Mestizos;FEMENINO;3;27;9.535;0;1;2.9;ALTO
Mestizos;FEMENINO;0;22;8.515;0;0;3.3;ALTO
Blancos;MASCULINO;0;31;7.795;0;0;3;ALTO
Mestizos;MASCULINO;0;22;8.82;0;0;2.4;ALTO
Mestizos;MASCULINO;0;24;8.97;0;0;3.6;ALTO
Mestizos;FEMENINO;0;21;8.765;0;0;4;ALTO
Mestizos;MASCULINO;0;20;8.18;0;0;3;ALTO
Mestizos;FEMENINO;0;21;8.935;0;0;3.1;ALTO
AfroEcuatoriano;FEMENINO;0;21;8.89;0;0;4;ALTO
Mestizos;MASCULINO;0;21;7.995;0;0;3.6;ALTO
Mestizos;MASCULINO;0;23;8.83;0;0;3.1;ALTO
Mestizos;MASCULINO;0;21;8.46;0;0;3.6;ALTO
Mestizos;MASCULINO;0;22;8.665;0;0;3.9;ALTO
Mestizos;MASCULINO;0;21;9.155;0;1;2.2;ALTO
Mestizos;FEMENINO;0;22;8.285;0;0;3.6;ALTO
Mestizos;MASCULINO;0;24;8.375;0;0;3.6;ALTO
Blancos;MASCULINO;0;22;8.18;0;0;3;ALTO
Mestizos;FEMENINO;0;28;8.835;0;0;4.3;ALTO
Mestizos;MASCULINO;0;25;8.53;0;0;3.3;ALTO
Mestizos;MASCULINO;0;28;9.27;0;1;3.3;ALTO
Mestizos;MASCULINO;0;22;8.325;0;0;3.5;ALTO
Mestizos;MASCULINO;0;20;8.57;0;0;4.7;ALTO
Mestizos;MASCULINO;0;22;8.115;0;0;1.5;BAJO
Mestizos;MASCULINO;0;22;8.755;0;0;3.1;ALTO
Mestizos;FEMENINO;0;28;9.355;0;1;2.5;ALTO
Mestizos;MASCULINO;0;21;9.055;0;1;4;ALTO
Mestizos;MASCULINO;0;23;8.465;0;0;2;BAJO
Mestizos;MASCULINO;0;21;9.035;0;1;2.4;ALTO
Mestizos;MASCULINO;0;20;8.44;0;0;2;BAJO
Mestizos;MASCULINO;0;21;7.965;0;0;3.5;ALTO
Mestizos;MASCULINO;0;22;8.305;0;0;3;ALTO
Mestizos;FEMENINO;0;23;8.385;0;0;3;ALTO
Mestizos;MASCULINO;0;21;8.61;0;0;2.5;ALTO
Mestizos;MASCULINO;0;21;8;0;0;3.8;ALTO
Mestizos;FEMENINO;0;22;8.8;0;0;3.3;ALTO
Mestizos;MASCULINO;0;21;8.175;0;0;3.4;ALTO
Mestizos;MASCULINO;0;22;8.29;0;0;3;ALTO
Mestizos;MASCULINO;0;23;7.905;0;0;3.2;ALTO
Mestizos;MASCULINO;1;29;8.75;0;0;2.7;ALTO
Mestizos;FEMENINO;0;22;8.735;0;0;4.1;ALTO
Mestizos;FEMENINO;0;22;8.13;0;0;3;ALTO
Indígenas;FEMENINO;1;30;8.93;0;0;4.4;ALTO
Mestizos;MASCULINO;0;21;8.865;0;0;3.8;ALTO
Mestizos;FEMENINO;0;25;8.18;0;0;3;ALTO
Mestizos;FEMENINO;0;22;8.235;0;0;3;ALTO
Mestizos;MASCULINO;0;22;8.16;0;0;3.6;ALTO
Mestizos;FEMENINO;0;27;9.29;0;1;3.6;ALTO
Mestizos;MASCULINO;0;21;9.325;0;1;2.9;ALTO
Mestizos;MASCULINO;0;22;8.56;0;0;3.9;ALTO
Mulato;FEMENINO;0;21;8.555;0;0;3;ALTO
Blancos;MASCULINO;0;24;8.98;0;0;2.4;ALTO
Mestizos;MASCULINO;0;25;7.59;0;0;4.8;ALTO
Mestizos;MASCULINO;3;26;8.645;0;0;2.4;ALTO
Mestizos;FEMENINO;1;22;9.39;0;1;2.3;ALTO
Mestizos;FEMENINO;0;21;8.735;0;0;5;ALTO
Mestizos;MASCULINO;0;21;8.495;0;0;4.8;ALTO
Mestizos;MASCULINO;0;20;8.2;0;0;4.9;ALTO
Mestizos;MASCULINO;0;21;8.73;0;0;3.9;ALTO
Mestizos;FEMENINO;1;22;8.405;0;0;3.9;ALTO
Mestizos;FEMENINO;1;22;8.995;0;0;2.4;ALTO
Mestizos;FEMENINO;0;21;8.82;0;0;2.8;ALTO
Montubio;FEMENINO;0;24;8.22;0;0;3;ALTO
Mestizos;MASCULINO;0;22;8.32;0;0;3;ALTO
Mestizos;FEMENINO;1;22;9.135;0;1;2.3;ALTO
Mestizos;FEMENINO;0;21;9.46;0;1;2.2;ALTO
Mestizos;FEMENINO;0;22;8.64;0;0;3.6;ALTO
Mestizos;FEMENINO;0;26;8.61;0;0;3.6;ALTO
Mestizos;FEMENINO;0;22;8.32;0;0;3;ALTO
Mulato;FEMENINO;0;21;8.625;0;0;3;ALTO
Mestizos;FEMENINO;0;22;8.565;0;0;4;ALTO
Mestizos;FEMENINO;0;21;8.435;0;0;3;ALTO
Mestizos;MASCULINO;0;23;8.365;0;0;4.1;ALTO
Mestizos;MASCULINO;1;21;8.855;0;0;3.8;ALTO
Mestizos;MASCULINO;0;24;8.36;0;0;3;ALTO
Mestizos;FEMENINO;0;22;8.505;0;0;4.8;ALTO
Mestizos;FEMENINO;0;23;8.78;0;0;3.5;ALTO
Mestizos;FEMENINO;1;24;9.015;0;1;3.1;ALTO
Mestizos;FEMENINO;0;25;8.605;0;0;3;ALTO
Mestizos;FEMENINO;0;21;8.38;0;0;3;ALTO
Mestizos;FEMENINO;0;24;8.13;0;0;3;ALTO
Mestizos;MASCULINO;0;22;8.165;0;0;3.9;ALTO
Mestizos;FEMENINO;0;20;8.8;0;0;4.5;ALTO
Mestizos;FEMENINO;1;22;8.68;0;0;4.6;ALTO
Mestizos;MASCULINO;0;22;8.36;0;0;3;ALTO
Mestizos;FEMENINO;0;22;8.825;0;0;4.4;ALTO
Mestizos;MASCULINO;0;24;8.17;0;0;3;ALTO
Mestizos;MASCULINO;0;22;8.965;0;0;3.4;ALTO
Mestizos;FEMENINO;0;20;8.685;0;0;4.8;ALTO
Mestizos;FEMENINO;0;29;8.835;0;0;4.9;ALTO
Mestizos;MASCULINO;0;24;8.205;0;0;4.2;ALTO
Mestizos;MASCULINO;0;21;8.61;0;0;4;ALTO
Mestizos;FEMENINO;0;21;8.92;0;0;3.3;ALTO
Mestizos;MASCULINO;0;21;8.965;0;0;3.4;ALTO
Mestizos;MASCULINO;0;22;8.97;0;0;3;ALTO
Mestizos;MASCULINO;0;21;8.41;0;0;3;ALTO
Mestizos;FEMENINO;0;23;8.225;0;0;3;ALTO
Mestizos;MASCULINO;3;50;9.49;0;1;3.2;ALTO
Mestizos;MASCULINO;0;39;9.465;0;1;3.2;ALTO
Mestizos;MASCULINO;3;40;9.515;0;1;3.1;ALTO
Mestizos;MASCULINO;0;21;8.44;0;0;2;BAJO
Mestizos;FEMENINO;3;37;9.145;0;1;3.3;ALTO
Mestizos;MASCULINO;0;22;8.85;0;0;2.8;ALTO
Mestizos;MASCULINO;1;32;9.25;0;1;3.5;ALTO
Mestizos;MASCULINO;2;34;8.945;0;0;2.6;ALTO
Mestizos;MASCULINO;0;25;9.575;0;1;3.8;ALTO
Mestizos;FEMENINO;0;21;8.895;0;0;4.1;ALTO
Mestizos;MASCULINO;0;21;8.445;0;0;2;BAJO
Montubio;MASCULINO;0;21;9.06;0;1;3.7;ALTO
Mestizos;FEMENINO;0;22;8.75;0;0;3.9;ALTO
Montubio;FEMENINO;0;23;9.22;0;1;3.4;ALTO
Mestizos;MASCULINO;0;31;9.685;0;1;3.1;ALTO
Mestizos;MASCULINO;0;20;8.23;0;0;1.9;BAJO
Mestizos;FEMENINO;0;22;9.38;0;1;2.1;ALTO
Mestizos;FEMENINO;0;21;9.19;0;1;3.2;ALTO
Mestizos;FEMENINO;1;30;9;0;1;2.8;ALTO
Mestizos;MASCULINO;0;21;8.82;0;0;2.7;ALTO
Mestizos;FEMENINO;0;21;8.795;0;0;4.3;ALTO
Mestizos;FEMENINO;0;21;8.915;0;0;2.2;ALTO
Mestizos;FEMENINO;0;31;8.86;0;0;2;ALTO
Mestizos;MASCULINO;0;30;9.035;0;1;3;ALTO
Mestizos;FEMENINO;0;25;9.06;0;1;3.8;ALTO
Mestizos;MASCULINO;0;23;9.745;0;1;3.5;ALTO
Mestizos;MASCULINO;0;22;9.545;0;1;2.5;ALTO
Mestizos;MASCULINO;0;22;8.52;0;0;3.6;ALTO
Mestizos;MASCULINO;0;24;8.88;0;0;3.8;ALTO
Mestizos;MASCULINO;99;25;8.895;0;0;4.8;ALTO
Mestizos;FEMENINO;0;24;9.84;0;1;2.7;ALTO
Mestizos;FEMENINO;1;23;8.91;0;0;3.4;ALTO
Mestizos;MASCULINO;1;27;8.915;0;0;3.9;ALTO
Mestizos;MASCULINO;0;24;8.83;0;0;2.5;ALTO
Mestizos;MASCULINO;0;26;8.54;0;0;4.5;ALTO
Mestizos;FEMENINO;0;21;8.77;0;0;3.7;ALTO
Mestizos;FEMENINO;0;22;8.585;0;0;4.9;ALTO
Mestizos;FEMENINO;0;21;8.87;0;0;4.1;ALTO
Mestizos;FEMENINO;0;21;9.38;0;1;2;ALTO
Mestizos;MASCULINO;0;20;9.105;0;1;3.9;ALTO
Mestizos;MASCULINO;0;22;8.235;0;0;2.3;BAJO
Mestizos;FEMENINO;0;24;9.525;0;1;3;ALTO
Mestizos;MASCULINO;0;24;8.725;0;0;3.3;ALTO
Mestizos;MASCULINO;0;21;8.34;0;0;3;ALTO
Mestizos;MASCULINO;0;26;9.035;0;1;3.8;ALTO
Mestizos;MASCULINO;0;23;8.18;0;0;3;ALTO
Mestizos;MASCULINO;0;21;9.235;0;1;3.4;ALTO
Mestizos;FEMENINO;0;25;8.405;0;0;4.5;ALTO
Negro;MASCULINO;0;20;8.99;0;0;2.4;ALTO
Mestizos;MASCULINO;0;27;9.005;0;1;3.3;ALTO
Mestizos;FEMENINO;1;25;8.325;0;0;3.1;ALTO
Mestizos;FEMENINO;0;24;8.95;0;0;3.7;ALTO
Mestizos;FEMENINO;0;25;8.605;0;0;3.1;ALTO
Mestizos;MASCULINO;0;22;8.725;0;0;3.8;ALTO
Mestizos;FEMENINO;0;22;8.86;0;0;2.4;ALTO
Mestizos;FEMENINO;0;21;9.15;0;1;3.8;ALTO
Mestizos;FEMENINO;0;22;8.655;0;0;3.5;ALTO
Mestizos;MASCULINO;1;25;9.62;0;1;3.5;ALTO
Montubio;MASCULINO;0;23;8.59;0;0;2;ALTO
Mestizos;FEMENINO;0;21;8.495;0;0;4.1;ALTO
Mestizos;MASCULINO;0;25;8.46;0;0;3.5;ALTO
Mestizos;FEMENINO;0;22;9.81;0;1;2.1;ALTO
Mestizos;MASCULINO;0;22;9.13;0;1;3.7;ALTO
Mestizos;MASCULINO;0;22;8.95;0;0;2.3;ALTO
AfroEcuatoriano;MASCULINO;0;22;9.11;0;1;3.8;ALTO
Mestizos;MASCULINO;0;22;8.905;0;0;4.3;ALTO
Mestizos;MASCULINO;0;23;8.97;0;0;3.1;ALTO
Mestizos;FEMENINO;1;22;9.17;0;1;2.3;ALTO
Mestizos;FEMENINO;0;22;8.87;0;0;4.8;ALTO
Mestizos;MASCULINO;0;22;8.29;0;0;1.7;BAJO
Mestizos;FEMENINO;0;22;8.815;0;0;4.7;ALTO
Mestizos;MASCULINO;1;23;7.945;0;0;4.6;ALTO
Mestizos;FEMENINO;0;22;9.155;0;1;3.8;ALTO
Mestizos;FEMENINO;0;21;8.815;0;0;3.1;ALTO
Mestizos;FEMENINO;0;22;8.37;0;0;3;ALTO
Mestizos;MASCULINO;0;22;9.275;0;1;3.7;ALTO
AfroEcuatoriano;MASCULINO;0;22;9.075;0;1;3.4;ALTO
Mestizos;MASCULINO;0;21;9.04;0;1;2.2;ALTO
Mestizos;MASCULINO;0;21;8.855;0;0;3.6;ALTO
Mestizos;FEMENINO;0;24;8.93;0;0;3.9;ALTO
Mestizos;FEMENINO;0;22;8.855;0;0;2;ALTO
Mestizos;MASCULINO;1;31;8.445;0;0;3;ALTO
Mestizos;FEMENINO;0;22;8.685;0;0;4.3;ALTO
Mestizos;MASCULINO;0;21;8.24;0;0;3.2;ALTO
Mestizos;MASCULINO;0;24;8.845;0;0;3.5;ALTO
Mestizos;FEMENINO;0;29;9.485;0;1;2.2;ALTO
Mestizos;MASCULINO;0;25;8.9;0;0;2.4;ALTO
Mestizos;MASCULINO;0;22;9.345;0;1;3;ALTO
Mestizos;MASCULINO;1;30;8.44;0;0;2;BAJO
Blancos;MASCULINO;0;25;8.23;0;0;3;ALTO
AfroEcuatoriano;MASCULINO;0;24;7.875;0;0;4.9;ALTO
Mestizos;MASCULINO;0;23;9.26;0;1;3.3;ALTO
Mestizos;MASCULINO;0;25;7.985;0;0;3.8;ALTO
Mestizos;MASCULINO;0;32;8.7;0;0;3.8;ALTO
Mestizos;FEMENINO;1;33;8.845;0;0;3.4;ALTO
Mestizos;MASCULINO;0;22;8.47;0;0;4.1;ALTO
Mestizos;MASCULINO;0;23;9.375;0;1;3.3;ALTO
Blancos;MASCULINO;0;23;7.895;0;0;2.7;BAJO
Mestizos;FEMENINO;3;34;8.29;0;0;3;ALTO
Mestizos;FEMENINO;0;34;9.22;0;1;2.3;ALTO
Mestizos;MASCULINO;0;23;8.5;0;0;3.3;ALTO
Mestizos;MASCULINO;0;23;8.65;0;0;3.4;ALTO
Mestizos;MASCULINO;0;23;8.605;0;0;4.3;ALTO
Mestizos;FEMENINO;0;21;8.555;0;0;4.2;ALTO
Blancos;MASCULINO;0;24;8.52;0;0;3.5;ALTO
Mestizos;MASCULINO;0;23;7.97;0;0;3.2;ALTO
Mestizos;MASCULINO;2;30;8.385;0;0;2;BAJO
Mestizos;MASCULINO;1;32;7.665;0;0;3.9;ALTO
Blancos;FEMENINO;0;22;8.91;0;0;3.6;ALTO
Mestizos;MASCULINO;0;23;7.985;0;0;4.1;ALTO
Mestizos;MASCULINO;0;24;8.255;0;0;3;ALTO
Mestizos;MASCULINO;0;26;7.72;0;0;3.9;ALTO
Mestizos;MASCULINO;0;23;7.82;0;0;4.6;ALTO
Mestizos;MASCULINO;0;21;8.16;0;0;3.2;ALTO
Mestizos;FEMENINO;0;23;8.08;0;0;3.2;ALTO
Mestizos;MASCULINO;0;23;8.365;0;0;4.4;ALTO
Blancos;MASCULINO;0;22;7.83;0;0;4.1;ALTO
Mestizos;MASCULINO;0;21;8.115;0;0;1.7;BAJO
Mestizos;MASCULINO;0;22;8.305;0;0;3;ALTO
Mestizos;FEMENINO;1;22;8.86;0;0;2.9;ALTO
Mestizos;MASCULINO;1;26;7.895;0;0;4.7;ALTO
Mestizos;MASCULINO;0;22;8.14;0;0;4.6;ALTO
Mestizos;MASCULINO;0;27;8.255;0;0;3;ALTO
Mestizos;FEMENINO;0;23;8.12;0;0;3;ALTO
Mestizos;FEMENINO;0;22;9.235;0;1;2.5;ALTO
Mestizos;MASCULINO;0;25;8.095;0;0;3.5;ALTO
Mestizos;FEMENINO;0;21;8.45;0;0;4.8;ALTO
Mestizos;FEMENINO;0;24;8.43;0;0;2;BAJO
Mestizos;FEMENINO;0;24;8.365;0;0;3;ALTO
Mestizos;FEMENINO;0;23;7.98;0;0;4.3;ALTO
Mestizos;FEMENINO;0;22;8.415;0;0;3;ALTO
Indígenas;FEMENINO;0;22;7.99;0;0;3.5;ALTO
Mestizos;MASCULINO;1;22;8.325;0;0;4.7;ALTO
Mestizos;FEMENINO;0;22;8.735;0;0;4.9;ALTO
Mestizos;FEMENINO;0;23;8.53;0;0;3.6;ALTO
Mestizos;MASCULINO;0;22;8.015;0;0;3;ALTO
AfroEcuatoriano;MASCULINO;0;22;8.965;0;0;3.9;ALTO
Mestizos;MASCULINO;0;22;8.775;0;0;4.9;ALTO
Mestizos;MASCULINO;0;23;8.3;0;0;3.3;ALTO
Mestizos;FEMENINO;0;22;8.305;0;0;2;BAJO
Mestizos;FEMENINO;0;24;8.15;0;0;4.9;ALTO
Mestizos;MASCULINO;2;22;7.865;0;0;4.7;ALTO
Mestizos;MASCULINO;0;23;8.435;0;0;2;BAJO
Mestizos;MASCULINO;0;23;8.44;0;0;3;ALTO
Mestizos;MASCULINO;0;22;8.765;0;0;3.4;ALTO
Mestizos;MASCULINO;2;27;8.215;0;0;3;ALTO
Mestizos;MASCULINO;0;23;8.155;0;0;3;ALTO
Mestizos;MASCULINO;0;22;7.535;0;0;3.1;ALTO
Mestizos;FEMENINO;0;22;8.285;0;0;4.2;ALTO
AfroEcuatoriano;MASCULINO;0;23;8.175;0;0;4;ALTO
Mestizos;MASCULINO;1;22;8.48;0;0;2;BAJO
Mestizos;MASCULINO;0;22;7.79;0;0;3.4;ALTO
Mestizos;MASCULINO;0;23;8.205;0;0;4.4;ALTO
Mestizos;MASCULINO;0;24;8.1;0;0;4.1;ALTO
Mestizos;FEMENINO;1;21;8;0;0;3.8;ALTO
Mestizos;FEMENINO;1;25;7.73;0;0;3.4;ALTO
Mestizos;MASCULINO;0;22;8.265;0;0;4.2;ALTO
Mestizos;MASCULINO;0;33;8.775;0;0;4.8;ALTO
Mestizos;FEMENINO;0;22;9.185;0;1;3.8;ALTO
Mestizos;FEMENINO;0;22;8.18;0;0;3;ALTO
Mestizos;MASCULINO;0;26;8.45;0;0;3.4;ALTO
Mestizos;MASCULINO;0;22;8.115;0;0;3;ALTO
Mestizos;MASCULINO;0;22;8.935;0;0;5;ALTO
Mestizos;FEMENINO;1;27;8.99;0;0;3.8;ALTO
AfroEcuatoriano;MASCULINO;0;22;8.005;0;0;4.5;ALTO
Mestizos;MASCULINO;0;22;7.985;0;0;3.9;ALTO
Mestizos;MASCULINO;0;22;8.635;0;0;4.7;ALTO
Mestizos;FEMENINO;1;22;8.525;0;0;3.6;ALTO
Mestizos;MASCULINO;0;22;8.2;0;0;4.9;ALTO
Mestizos;FEMENINO;0;22;8.62;0;0;4.9;ALTO
Mestizos;MASCULINO;0;22;8.285;0;0;3.8;ALTO
Mestizos;MASCULINO;0;22;8.185;0;0;3;ALTO
Mestizos;MASCULINO;0;23;8.79;0;0;3;ALTO
Mestizos;MASCULINO;0;24;8.37;0;0;3;ALTO
Mestizos;MASCULINO;0;21;8.73;0;0;3.4;ALTO
Mestizos;MASCULINO;0;21;8.435;0;0;3;ALTO
Mestizos;FEMENINO;1;27;7.905;0;0;4.4;ALTO
Mestizos;FEMENINO;0;22;7.815;0;0;5;ALTO
Mestizos;FEMENINO;0;22;9.28;0;1;2.3;ALTO
Mestizos;MASCULINO;0;22;8.16;0;0;3.6;ALTO
Mestizos;MASCULINO;0;22;8.64;0;0;2.7;ALTO
Mestizos;MASCULINO;0;24;8.145;0;0;3;ALTO
Mestizos;MASCULINO;1;24;8.04;0;0;3.1;ALTO
Mestizos;MASCULINO;0;23;8.115;0;0;2.3;BAJO
Mestizos;MASCULINO;0;24;8.58;0;0;3.2;ALTO
Mestizos;FEMENINO;0;23;8.065;0;0;3;ALTO
Mestizos;MASCULINO;0;23;8.045;0;0;2.6;BAJO
Mestizos;FEMENINO;0;22;8.56;0;0;4.2;ALTO
Mestizos;MASCULINO;0;22;8.44;0;0;3;ALTO
Mestizos;FEMENINO;0;22;8.405;0;0;4.7;ALTO
Mestizos;FEMENINO;1;21;8.13;0;0;0.5;BAJO
Mestizos;MASCULINO;0;22;8.625;0;0;3.3;ALTO
Mestizos;MASCULINO;0;22;8.025;0;0;3;ALTO
Mestizos;FEMENINO;0;22;8.28;0;0;4;ALTO
Mestizos;FEMENINO;0;21;8.56;0;0;4.3;ALTO
Mestizos;MASCULINO;0;22;8.365;0;0;4.7;ALTO
Mestizos;MASCULINO;0;23;7.775;0;0;3;ALTO
Mestizos;FEMENINO;0;21;9.115;0;1;2;ALTO
Mestizos;FEMENINO;0;25;8.155;0;0;3;ALTO
Mestizos;FEMENINO;0;23;7.84;0;0;3;ALTO
Mulato;MASCULINO;0;29;8.435;0;0;3;ALTO
Mestizos;FEMENINO;0;23;8.535;0;0;4.5;ALTO
Mestizos;MASCULINO;0;23;8.08;0;0;4;ALTO
Mestizos;FEMENINO;0;22;8.285;0;0;4.2;ALTO
Indígenas;MASCULINO;0;23;8.44;0;0;3;ALTO
Mestizos;MASCULINO;0;22;7.92;0;0;3.8;ALTO
Blancos;MASCULINO;0;23;8.115;0;0;3;ALTO
Mulato;FEMENINO;0;22;8.04;0;0;5;ALTO
Indígenas;MASCULINO;0;42;8.305;0;0;3;ALTO
Mestizos;MASCULINO;0;33;8.72;0;0;3.9;ALTO
Mestizos;MASCULINO;0;26;8.69;0;0;3.1;ALTO
Mestizos;MASCULINO;0;24;8.275;0;0;4.4;ALTO
Mestizos;FEMENINO;1;29;8.7;0;0;4.7;ALTO
Mestizos;MASCULINO;0;23;8.69;0;0;3.1;ALTO
Mestizos;MASCULINO;0;23;8.41;0;0;4.7;ALTO
Mestizos;MASCULINO;0;4;7.985;0;0;4.6;ALTO
Mestizos;FEMENINO;0;23;8.32;0;0;3;ALTO
Mestizos;MASCULINO;0;24;7.94;0;0;3.5;ALTO
Mestizos;MASCULINO;0;22;8.685;0;0;3.8;ALTO
Mestizos;FEMENINO;2;33;8.055;0;0;3;ALTO
Mestizos;MASCULINO;0;28;8.01;0;0;4.2;ALTO
Mestizos;FEMENINO;0;29;8.925;0;0;4;ALTO
Mestizos;FEMENINO;2;32;8.57;0;0;3.9;ALTO
Mestizos;FEMENINO;0;22;8.33;0;0;3.3;ALTO
Mestizos;FEMENINO;1;32;8.595;0;0;2.7;ALTO
Montubio;FEMENINO;0;21;8.525;0;0;4.1;ALTO
Mestizos;MASCULINO;0;22;7.835;0;0;5;ALTO
Mestizos;MASCULINO;0;22;8.26;0;0;1.2;BAJO
AfroEcuatoriano;MASCULINO;0;23;8.53;0;0;3.4;ALTO
Mestizos;MASCULINO;0;21;8.04;0;0;3.2;ALTO
Mestizos;FEMENINO;0;22;8.36;0;0;3;ALTO
Mestizos;FEMENINO;0;30;8.78;0;0;4;ALTO
Mestizos;FEMENINO;0;24;8.02;0;0;4.6;ALTO
Mestizos;MASCULINO;0;21;8.7;0;0;4.7;ALTO
Mestizos;FEMENINO;0;23;8.405;0;0;3.7;ALTO
Mestizos;FEMENINO;0;26;8.17;0;0;3;ALTO
Mestizos;MASCULINO;0;28;8.965;0;0;3.5;ALTO
Mestizos;MASCULINO;0;29;8.04;0;0;4.5;ALTO
Montubio;MASCULINO;0;4;8.66;0;0;4.9;ALTO
Mestizos;FEMENINO;0;22;8.55;0;0;4.5;ALTO
Mestizos;MASCULINO;0;22;8.35;0;0;4.3;ALTO
Blancos;FEMENINO;0;23;8.335;0;0;3;ALTO
AfroEcuatoriano;FEMENINO;0;24;8.345;0;0;3;ALTO
Mestizos;FEMENINO;1;22;8.315;0;0;3.3;ALTO
Mestizos;MASCULINO;0;22;7.91;0;0;3.3;ALTO
AfroEcuatoriano;MASCULINO;1;23;8.22;0;0;0.5;BAJO
Mestizos;MASCULINO;0;26;8.265;0;0;5;ALTO
Mestizos;MASCULINO;1;29;8.595;0;0;4;ALTO
Mestizos;MASCULINO;0;28;8.15;0;0;3.3;ALTO
Mestizos;MASCULINO;0;24;8.445;0;0;3;ALTO
Mestizos;MASCULINO;0;23;8.27;0;0;3;ALTO
Mestizos;MASCULINO;0;28;8.42;0;0;2;BAJO
Mestizos;FEMENINO;0;22;8.675;0;0;4.2;ALTO
Mestizos;MASCULINO;0;23;8.45;0;0;4.4;ALTO
Blancos;MASCULINO;0;22;8.55;0;0;3.5;ALTO
Mestizos;MASCULINO;0;23;8.07;0;0;3;ALTO
Mestizos;FEMENINO;0;23;9.005;0;1;3.1;ALTO
Mestizos;MASCULINO;0;21;9.05;0;1;3.4;ALTO
Mestizos;MASCULINO;0;22;8.315;0;0;4.1;ALTO
Mestizos;FEMENINO;0;22;8.08;0;0;3.5;ALTO
Mestizos;FEMENINO;0;22;8.64;0;0;3.4;ALTO
Mestizos;FEMENINO;0;22;8.645;0;0;2.2;ALTO
Mestizos;FEMENINO;0;23;8.67;0;0;3.1;ALTO
Mestizos;MASCULINO;0;22;8.31;0;0;3;ALTO
Mestizos;MASCULINO;0;23;8.415;0;0;3;ALTO
Mestizos;FEMENINO;1;23;8.115;0;0;3;ALTO
Mestizos;MASCULINO;0;22;8.125;0;0;4.5;ALTO
Mestizos;FEMENINO;0;22;8.9;0;0;2.7;ALTO
Mestizos;MASCULINO;0;22;7.91;0;0;2.5;BAJO
Mestizos;FEMENINO;0;22;8.65;0;0;3.6;ALTO
Mestizos;FEMENINO;0;22;8.51;0;0;4.7;ALTO
AfroEcuatoriano;MASCULINO;0;23;7.65;0;0;2.4;BAJO
Mestizos;MASCULINO;0;26;8.51;0;0;4.2;ALTO
Mestizos;MASCULINO;0;22;8.06;0;0;4;ALTO
Mestizos;MASCULINO;0;22;8.815;0;0;3.8;ALTO
Mestizos;FEMENINO;0;22;8.68;0;0;4;ALTO
Mestizos;MASCULINO;0;22;8.41;0;0;3.9;ALTO
Mestizos;MASCULINO;0;22;7.95;0;0;3.9;ALTO
Mestizos;MASCULINO;0;21;8.29;0;0;3;ALTO
Mestizos;MASCULINO;0;22;8.275;0;0;3.5;ALTO
AfroEcuatoriano;MASCULINO;0;22;8.305;0;0;3;ALTO
Mestizos;MASCULINO;0;23;9.03;0;1;2.5;ALTO
Mestizos;MASCULINO;0;23;8.69;0;0;2.7;ALTO
Blancos;FEMENINO;0;22;8.21;0;0;3;ALTO
Mestizos;MASCULINO;0;22;8.49;0;0;4.7;ALTO
Mestizos;MASCULINO;0;22;8.69;0;0;2.7;ALTO
Mestizos;FEMENINO;0;22;8.9;0;0;3.8;ALTO
Mestizos;MASCULINO;0;24;8.83;0;0;3.8;ALTO
Blancos;MASCULINO;0;22;7.58;0;0;5;ALTO
Blancos;MASCULINO;0;23;8.84;0;0;4.8;ALTO
Mestizos;MASCULINO;0;22;8.265;0;0;3.3;ALTO
Blancos;MASCULINO;0;22;8.645;0;0;3.6;ALTO
Mestizos;FEMENINO;0;22;9.25;0;1;3.2;ALTO
Mestizos;MASCULINO;0;22;8.49;0;0;4.4;ALTO
Mestizos;MASCULINO;0;22;8.295;0;0;3;ALTO
Mestizos;FEMENINO;1;21;8.7;0;0;4.7;ALTO
Mestizos;FEMENINO;0;27;8.185;0;0;3.2;ALTO
Blancos;MASCULINO;0;22;7.81;0;0;4.4;ALTO
Mestizos;MASCULINO;0;22;7.745;0;0;5;ALTO
Mestizos;MASCULINO;0;22;8.685;0;0;4.2;ALTO
Mestizos;FEMENINO;0;25;8.495;0;0;4.4;ALTO
Blancos;MASCULINO;0;25;8.635;0;0;3.5;ALTO
Mestizos;FEMENINO;1;24;8.225;0;0;1;BAJO
Mestizos;MASCULINO;0;24;8.49;0;0;3.8;ALTO
Mestizos;MASCULINO;0;22;9.245;0;1;2.4;ALTO
Mestizos;MASCULINO;0;22;8.42;0;0;3;ALTO
Mestizos;FEMENINO;0;22;8.42;0;0;3;ALTO
Mestizos;MASCULINO;0;22;9.195;0;1;3.7;ALTO
Mestizos;MASCULINO;0;26;8.455;0;0;2;BAJO
Mestizos;FEMENINO;0;22;8.4;0;0;3.4;ALTO
AfroEcuatoriano;MASCULINO;0;22;9.24;0;1;3.3;ALTO
Mestizos;MASCULINO;0;22;8.48;0;0;3;ALTO
Mestizos;FEMENINO;0;22;8.545;0;0;4.5;ALTO
Mestizos;FEMENINO;0;23;8.775;0;0;4.5;ALTO
Blancos;FEMENINO;0;22;8.435;0;0;3;ALTO
Mestizos;MASCULINO;0;22;8.205;0;0;4.9;ALTO
Mestizos;MASCULINO;0;22;8.14;0;0;3.6;ALTO
Mestizos;FEMENINO;0;22;9.235;0;1;2.3;ALTO
Mestizos;MASCULINO;0;22;8.69;0;0;4;ALTO
Mestizos;MASCULINO;0;21;7.69;0;0;3.6;ALTO
Mestizos;FEMENINO;0;22;8.47;0;0;4.8;ALTO
Mestizos;MASCULINO;0;22;7.99;0;0;4.4;ALTO
Mestizos;FEMENINO;0;22;8.77;0;0;2.5;ALTO
Mestizos;MASCULINO;0;23;8.58;0;0;2.4;ALTO
Mestizos;MASCULINO;0;23;8.56;0;0;3.4;ALTO
Mestizos;MASCULINO;0;22;8.215;0;0;0.7;BAJO
Mestizos;MASCULINO;0;23;8.575;0;0;3.4;ALTO
Mestizos;MASCULINO;0;22;8.215;0;0;3;ALTO
Mestizos;MASCULINO;0;22;8.245;0;0;3;ALTO
Mestizos;FEMENINO;0;23;8.31;0;0;3;ALTO
Mestizos;MASCULINO;0;22;8.185;0;0;3.8;ALTO
Mestizos;FEMENINO;0;23;8.31;0;0;3;ALTO
Mestizos;MASCULINO;0;22;8.42;0;0;3;ALTO
Mestizos;FEMENINO;0;23;8.235;0;0;3;ALTO
Mestizos;FEMENINO;0;22;8.545;0;0;4.6;ALTO
Mestizos;FEMENINO;0;22;8.815;0;0;3.4;ALTO
Mestizos;MASCULINO;0;22;8.27;0;0;3;ALTO
Mestizos;MASCULINO;0;23;8.32;0;0;3;ALTO
Mestizos;MASCULINO;0;22;8.475;0;0;4.5;ALTO
Mestizos;FEMENINO;0;22;8.895;0;0;3.6;ALTO
Mestizos;FEMENINO;0;23;8.29;0;0;3;ALTO
Mestizos;MASCULINO;0;21;7.995;0;0;3.7;ALTO
Mestizos;MASCULINO;0;23;8.365;0;0;4;ALTO
Mestizos;MASCULINO;0;22;7.97;0;0;3.5;ALTO
Mestizos;MASCULINO;0;24;8.59;0;0;3.8;ALTO
Mestizos;MASCULINO;0;22;8.6;0;0;3.4;ALTO
AfroEcuatoriano;FEMENINO;0;23;8.54;0;0;3;ALTO
Blancos;MASCULINO;0;22;8.31;0;0;3;ALTO
Blancos;MASCULINO;0;24;7.805;0;0;4.1;ALTO
Mestizos;MASCULINO;0;23;8.435;0;0;3;ALTO
Mestizos;FEMENINO;0;22;8.37;0;0;3;ALTO
Mestizos;FEMENINO;0;22;8.72;0;0;4;ALTO
Mestizos;MASCULINO;0;22;8.98;0;0;2.4;ALTO
Mestizos;FEMENINO;0;4;8.625;0;0;3.3;ALTO
Mestizos;FEMENINO;0;23;8.515;0;0;3.7;ALTO
Mestizos;MASCULINO;0;22;7.915;0;0;3.4;ALTO
Mestizos;MASCULINO;0;24;8.965;0;0;2.7;ALTO
Mestizos;MASCULINO;0;22;8.845;0;0;4;ALTO
Mestizos;FEMENINO;0;22;8.445;0;0;3;ALTO
Mestizos;FEMENINO;0;26;9.525;0;1;4;ALTO
Mestizos;MASCULINO;0;22;7.96;0;0;3.4;ALTO
Mestizos;MASCULINO;0;23;7.915;0;0;4.8;ALTO
Mestizos;MASCULINO;0;22;8.16;0;0;4.9;ALTO
Mestizos;FEMENINO;0;22;7.995;0;0;4.1;ALTO
Mestizos;MASCULINO;0;24;8.575;0;0;2.5;ALTO
Mestizos;MASCULINO;0;23;8.06;0;0;4.6;ALTO
Mestizos;FEMENINO;0;22;8.73;0;0;3.6;ALTO
Mestizos;FEMENINO;0;24;9.29;0;1;2.3;ALTO
Mestizos;FEMENINO;0;23;9.245;0;1;3.1;ALTO
Mestizos;FEMENINO;2;48;9.29;0;1;4;ALTO
Mulato;MASCULINO;1;35;9.05;0;1;2.6;ALTO
Mestizos;FEMENINO;3;33;8.71;0;0;3.6;ALTO
Mestizos;MASCULINO;0;23;8.465;0;0;3;ALTO
Mestizos;MASCULINO;0;29;8.61;0;0;2.4;ALTO
Mestizos;FEMENINO;0;23;8.605;0;0;3.7;ALTO
Mestizos;FEMENINO;0;22;9.755;0;1;3.4;ALTO
Mestizos;FEMENINO;0;24;8.275;0;0;4.7;ALTO
Mestizos;FEMENINO;4;39;9.295;0;1;2.2;ALTO
Mestizos;MASCULINO;2;31;9.38;0;1;3.8;ALTO
Mestizos;FEMENINO;0;23;9.345;0;1;2.5;ALTO
Mestizos;MASCULINO;2;35;8.845;0;0;3.3;ALTO
Mestizos;MASCULINO;0;25;9.775;0;1;2;ALTO
Mestizos;FEMENINO;0;34;9.46;0;1;3.6;ALTO
Mestizos;MASCULINO;0;30;9.48;0;1;2.7;ALTO
Mestizos;MASCULINO;0;26;9.76;0;1;2.3;ALTO
Mestizos;MASCULINO;0;23;8.875;0;0;4.7;ALTO
Montubio;MASCULINO;0;27;8.95;0;0;3.5;ALTO
Mestizos;MASCULINO;0;23;8.325;0;0;4.6;ALTO
Mestizos;FEMENINO;0;22;8.75;0;0;2.9;ALTO
Mestizos;MASCULINO;3;32;8.855;0;0;2.7;ALTO
Mestizos;MASCULINO;0;26;8.615;0;0;4.1;ALTO
Mestizos;FEMENINO;4;30;9.395;0;1;3.5;ALTO
Mestizos;MASCULINO;0;22;8.995;0;0;3.1;ALTO
Montubio;MASCULINO;0;25;8.805;0;0;3.5;ALTO
Mestizos;FEMENINO;0;23;9.35;0;1;2.2;ALTO
Mestizos;MASCULINO;1;30;9.41;0;1;3.2;ALTO
Blancos;FEMENINO;0;28;9.145;0;1;2.2;ALTO
Mestizos;MASCULINO;0;26;8.645;0;0;2.6;ALTO
Montubio;FEMENINO;0;23;9.13;0;1;2.6;ALTO
Mestizos;FEMENINO;0;25;9.005;0;1;3.9;ALTO
Mestizos;MASCULINO;0;25;9.37;0;1;2.5;ALTO
Mestizos;MASCULINO;0;24;9.005;0;1;3.1;ALTO
Mestizos;MASCULINO;0;24;8.57;0;0;3.3;ALTO
Mestizos;MASCULINO;0;25;9.05;0;1;3.1;ALTO
Mestizos;FEMENINO;1;24;8.91;0;0;2.1;ALTO
Mestizos;MASCULINO;0;28;9.05;0;1;3.9;ALTO
Mestizos;MASCULINO;0;23;9.79;0;1;2.2;ALTO
Mestizos;MASCULINO;0;23;8.11;0;0;4.6;ALTO
Mestizos;MASCULINO;0;24;9;0;1;3.7;ALTO
Mestizos;FEMENINO;0;22;9.7;0;1;3;ALTO
Mestizos;MASCULINO;0;22;8.885;0;0;2.5;ALTO
Mestizos;MASCULINO;0;24;8.445;0;0;2;BAJO
Mestizos;MASCULINO;0;24;9.675;0;1;3.2;ALTO
Mestizos;MASCULINO;0;25;8.85;0;0;4;ALTO
Montubio;MASCULINO;0;24;8.205;0;0;5;ALTO
Mestizos;MASCULINO;0;23;8.215;0;0;3;ALTO
Mestizos;MASCULINO;0;23;9.135;0;1;3.7;ALTO
Mestizos;MASCULINO;0;23;9.385;0;1;3.5;ALTO
Montubio;FEMENINO;1;25;9.145;0;1;3.4;ALTO
Mestizos;MASCULINO;1;25;8.195;0;0;4.2;ALTO
Mestizos;MASCULINO;0;24;8.64;0;0;2.2;ALTO
Blancos;FEMENINO;0;22;8.315;0;0;4.1;ALTO
Mestizos;MASCULINO;0;24;9.065;0;1;3.5;ALTO
Mestizos;FEMENINO;1;23;8.645;0;0;3;ALTO
Mestizos;MASCULINO;0;24;8.315;0;0;4.1;ALTO
Mestizos;FEMENINO;0;24;8.37;0;0;3;ALTO
Mestizos;FEMENINO;0;27;9.07;0;1;2.8;ALTO
Montubio;MASCULINO;0;24;7.685;0;0;4.1;ALTO
Mestizos;MASCULINO;0;24;8.245;0;0;1;BAJO
Mestizos;MASCULINO;0;27;8.095;0;0;4.4;ALTO
Mestizos;FEMENINO;0;23;9.165;0;1;2.6;ALTO
Blancos;MASCULINO;0;23;8.775;0;0;3.2;ALTO
Mestizos;FEMENINO;0;24;8.98;0;0;2.7;ALTO
Mestizos;MASCULINO;0;28;9.155;0;1;3.9;ALTO
Mestizos;MASCULINO;0;27;9.265;0;1;3.1;ALTO
Mestizos;FEMENINO;0;23;9.365;0;1;3.3;ALTO
Mestizos;FEMENINO;0;22;9.3;0;1;2.6;ALTO
Mulato;MASCULINO;0;23;8.515;0;0;3.9;ALTO
Mestizos;FEMENINO;1;24;8.94;0;0;3.7;ALTO
Mestizos;MASCULINO;0;23;8.875;0;0;3.1;ALTO
Mestizos;MASCULINO;0;26;8.865;0;0;4;ALTO
Mestizos;FEMENINO;0;24;9.695;0;1;3.5;ALTO
Mestizos;FEMENINO;0;22;8.96;0;0;4.5;ALTO
Mestizos;MASCULINO;0;26;8.805;0;0;3;ALTO
Mestizos;FEMENINO;1;22;9.525;0;1;2.3;ALTO
Mestizos;MASCULINO;0;27;8.295;0;0;2.7;BAJO
Mestizos;MASCULINO;0;26;9.185;0;1;3.4;ALTO
Mestizos;FEMENINO;0;22;8.515;0;0;3.2;ALTO
Mestizos;MASCULINO;0;23;7.875;0;0;4.7;ALTO
Mestizos;FEMENINO;0;22;8.295;0;0;2.3;BAJO
Mestizos;MASCULINO;1;26;8.485;0;0;2;BAJO
Mestizos;FEMENINO;0;27;8.295;0;0;3;ALTO
Mestizos;FEMENINO;0;23;9.135;0;1;3.3;ALTO
Mestizos;FEMENINO;0;23;8.855;0;0;3.9;ALTO
Mestizos;FEMENINO;0;24;8.11;0;0;3;ALTO
Mestizos;MASCULINO;0;25;8.855;0;0;2.2;ALTO
Mestizos;MASCULINO;0;24;7.89;0;0;3.4;ALTO
Blancos;MASCULINO;0;23;7.705;0;0;4;ALTO
Mestizos;FEMENINO;2;24;8.355;0;0;3;ALTO
Mestizos;MASCULINO;0;22;7.39;0;0;4.3;ALTO
Mestizos;FEMENINO;0;23;7.905;0;0;3.1;ALTO
Mestizos;FEMENINO;1;26;9.15;0;1;4;ALTO
Mestizos;FEMENINO;0;22;7.56;0;0;4.7;ALTO
Mestizos;FEMENINO;0;23;9.54;0;1;2;ALTO
Mestizos;MASCULINO;1;24;8.345;0;0;3;ALTO
Mestizos;FEMENINO;0;23;8.33;0;0;4.7;ALTO
Mestizos;FEMENINO;0;25;9.04;0;1;2;ALTO
Mestizos;FEMENINO;0;24;8.365;0;0;4.3;ALTO
Mestizos;MASCULINO;0;25;7.82;0;0;4.2;ALTO
Mestizos;FEMENINO;0;23;9.06;0;1;4;ALTO
Mestizos;MASCULINO;0;23;8.61;0;0;2.7;ALTO
Mestizos;MASCULINO;0;24;8.805;0;0;4.7;ALTO
Mestizos;MASCULINO;0;26;9;0;1;3.9;ALTO
Mestizos;FEMENINO;0;23;8.855;0;0;3.8;ALTO
Mestizos;FEMENINO;1;22;7.67;0;0;3.2;ALTO
Mestizos;MASCULINO;0;27;8.715;0;0;3.1;ALTO
Mestizos;MASCULINO;0;24;9.12;0;1;2.2;ALTO
Mestizos;MASCULINO;0;23;8.26;0;0;3;ALTO
Mestizos;MASCULINO;0;23;9.205;0;1;2.6;ALTO
Mestizos;FEMENINO;0;24;8.68;0;0;4.5;ALTO
Mestizos;FEMENINO;1;23;9;0;1;3.5;ALTO
Blancos;MASCULINO;0;23;8.415;0;0;2;BAJO
Mestizos;MASCULINO;1;24;8.99;0;0;2;ALTO
Mestizos;FEMENINO;0;23;8.455;0;0;3;ALTO
Mestizos;FEMENINO;0;23;8.995;0;0;2.1;ALTO
Mestizos;FEMENINO;0;22;8.355;0;0;2;BAJO
Mestizos;MASCULINO;0;26;8.305;0;0;3;ALTO
Mestizos;MASCULINO;0;23;8.62;0;0;3;ALTO
Mestizos;MASCULINO;0;25;8.64;0;0;3.8;ALTO
Mestizos;MASCULINO;1;23;7.855;0;0;4.6;ALTO
Mestizos;MASCULINO;0;24;8.48;0;0;3;ALTO
Mestizos;MASCULINO;0;23;9.215;0;1;2.3;ALTO
Blancos;FEMENINO;0;24;9.285;0;1;2;ALTO
Mestizos;FEMENINO;0;23;9.24;0;1;3.7;ALTO
Mestizos;FEMENINO;1;23;8.77;0;0;2.8;ALTO
Mestizos;MASCULINO;0;22;9.465;0;1;2.8;ALTO
Mestizos;MASCULINO;0;23;8.31;0;0;3;ALTO
Mestizos;FEMENINO;1;22;8.545;0;0;4.2;ALTO
Montubio;MASCULINO;0;23;8.045;0;0;3;ALTO
Mestizos;FEMENINO;0;24;9.25;0;1;3.7;ALTO
Mestizos;MASCULINO;1;31;8.575;0;0;3.8;ALTO
Mestizos;MASCULINO;0;25;9.05;0;1;4;ALTO
Mulato;MASCULINO;0;24;8.13;0;0;1.9;BAJO
Mestizos;MASCULINO;0;26;9.71;0;1;3.3;ALTO
AfroEcuatoriano;MASCULINO;0;25;8.885;0;0;4;ALTO
Mestizos;MASCULINO;0;26;9.925;0;1;2.1;ALTO
Mestizos;FEMENINO;0;22;9.24;1;1;4.9;ALTO
Mestizos;FEMENINO;0;55;9.55;1;1;3.3;ALTO
Blancos;MASCULINO;3;48;9.665;1;1;3.5;ALTO
Mestizos;MASCULINO;2;32;8.47;1;0;2;BAJO
Mestizos;FEMENINO;3;48;9.185;1;1;4.8;ALTO
Mestizos;MASCULINO;0;41;9.675;1;1;4;ALTO
Mestizos;MASCULINO;1;41;8.99;1;1;3.5;ALTO
Mestizos;FEMENINO;3;42;8.58;1;1;3.6;ALTO
Mestizos;MASCULINO;0;35;9.365;1;1;3;ALTO
Mestizos;MASCULINO;2;34;9.44;1;1;3.5;ALTO
Mestizos;FEMENINO;2;42;9.415;1;1;5;ALTO
Mestizos;FEMENINO;2;40;9.475;1;1;4.1;ALTO
Mestizos;FEMENINO;2;37;9.68;1;1;4;ALTO
Mestizos;FEMENINO;2;27;9.605;1;1;4.8;ALTO
Mestizos;MASCULINO;0;38;8.36;1;0;1.5;BAJO
Mestizos;MASCULINO;0;30;9.03;1;1;3.3;ALTO
Mestizos;MASCULINO;0;29;9.59;1;1;4;ALTO
Mestizos;MASCULINO;0;29;8.88;1;1;4;ALTO
Mestizos;MASCULINO;1;31;8.73;1;1;4.9;ALTO
Mestizos;FEMENINO;3;32;9.27;1;1;4.9;ALTO
Blancos;FEMENINO;0;23;9.445;1;1;4.7;ALTO
Mestizos;FEMENINO;1;35;9.52;1;1;3.5;ALTO
Mestizos;FEMENINO;3;27;9.35;1;1;4;ALTO
Mestizos;FEMENINO;0;22;8.335;1;0;1.6;BAJO
Blancos;MASCULINO;0;31;8.02;1;0;1.7;BAJO
Mestizos;MASCULINO;0;22;8.625;1;1;4;ALTO
Mestizos;MASCULINO;0;24;8.74;1;1;3;ALTO
Mestizos;FEMENINO;0;21;9.345;1;1;4.4;ALTO
Mestizos;MASCULINO;0;20;9.2;1;1;4.1;ALTO
Mestizos;FEMENINO;0;21;9.415;1;1;4.9;ALTO
AfroEcuatoriano;FEMENINO;0;21;9.64;1;1;4.9;ALTO
Mestizos;MASCULINO;0;21;8.775;1;1;3.5;ALTO
Mestizos;MASCULINO;0;23;8.705;1;1;3.8;ALTO
Mestizos;MASCULINO;0;21;9.59;1;1;4.8;ALTO
Mestizos;MASCULINO;0;22;9.59;1;1;4.3;ALTO
Mestizos;MASCULINO;0;21;9.64;1;1;4.2;ALTO
Mestizos;FEMENINO;0;22;9.61;1;1;5;ALTO
Mestizos;MASCULINO;0;24;8.505;1;1;3.8;ALTO
Blancos;MASCULINO;0;22;9.14;1;1;3.7;ALTO
Mestizos;FEMENINO;0;28;9.72;1;1;3.8;ALTO
Mestizos;MASCULINO;0;25;8.44;1;0;2.5;BAJO
Mestizos;MASCULINO;0;28;9.295;1;1;4.7;ALTO
Mestizos;MASCULINO;0;22;9.54;1;1;4.3;ALTO
Mestizos;MASCULINO;0;20;9.415;1;1;4.5;ALTO
Mestizos;MASCULINO;0;22;7.87;1;0;2.3;BAJO
Mestizos;MASCULINO;0;22;9.565;1;1;4.2;ALTO
Mestizos;FEMENINO;0;28;9.385;1;1;4.2;ALTO
Mestizos;MASCULINO;0;21;7.795;1;0;1.8;BAJO
Mestizos;MASCULINO;0;23;8.345;1;0;2.4;BAJO
Mestizos;MASCULINO;0;21;8.56;1;1;3.7;ALTO
Mestizos;MASCULINO;0;20;7.85;1;0;1.8;BAJO
Mestizos;MASCULINO;0;21;9.015;1;1;5;ALTO
Mestizos;MASCULINO;0;22;8.69;1;1;4.9;ALTO
Mestizos;FEMENINO;0;23;9.105;1;1;4;ALTO
Mestizos;MASCULINO;0;21;8.895;1;1;4.9;ALTO
Mestizos;MASCULINO;0;21;9.585;1;1;4.1;ALTO
Mestizos;FEMENINO;0;22;9.715;1;1;3.8;ALTO
Mestizos;MASCULINO;0;21;8.46;1;0;1.1;BAJO
Mestizos;MASCULINO;0;22;9.14;1;1;4.8;ALTO
Mestizos;MASCULINO;0;23;8.64;1;1;3.8;ALTO
Mestizos;MASCULINO;1;29;8.455;1;0;0.3;BAJO
Mestizos;FEMENINO;0;22;9.39;1;1;4.2;ALTO
Mestizos;FEMENINO;0;22;8.6;1;1;3.9;ALTO
Indígenas;FEMENINO;1;30;9.16;1;1;4.6;ALTO
Mestizos;MASCULINO;0;21;9.175;1;1;4.4;ALTO
Mestizos;FEMENINO;0;25;9.16;1;1;3.9;ALTO
Mestizos;FEMENINO;0;22;9.42;1;1;4.6;ALTO
Mestizos;MASCULINO;0;22;8.36;1;0;1.3;BAJO
Mestizos;FEMENINO;0;27;9.745;1;1;4.8;ALTO
Mestizos;MASCULINO;0;21;9.495;1;1;4.2;ALTO
Mestizos;MASCULINO;0;22;9.58;1;1;4.5;ALTO
Mulato;FEMENINO;0;21;8.685;1;1;5;ALTO
Blancos;MASCULINO;0;24;9.315;1;1;3.8;ALTO
Mestizos;MASCULINO;0;25;9.03;1;1;3.9;ALTO
Mestizos;MASCULINO;3;26;9.56;1;1;3.5;ALTO
Mestizos;FEMENINO;1;22;8.985;1;1;3.6;ALTO
Mestizos;FEMENINO;0;21;9.17;1;1;4;ALTO
Mestizos;MASCULINO;0;21;8.65;1;1;3.7;ALTO
Mestizos;MASCULINO;0;20;8.68;1;1;5;ALTO
Mestizos;MASCULINO;0;21;9.43;1;1;5;ALTO
Mestizos;FEMENINO;1;22;8.59;1;1;3.6;ALTO
Mestizos;FEMENINO;1;22;9.41;1;1;4;ALTO
Mestizos;FEMENINO;0;21;9.655;1;1;4.9;ALTO
Montubio;FEMENINO;0;24;8.485;1;0;1.6;BAJO
Mestizos;MASCULINO;0;22;9.62;1;1;4.2;ALTO
Mestizos;FEMENINO;1;22;9.005;1;1;4.2;ALTO
Mestizos;FEMENINO;0;21;9.785;1;1;4.6;ALTO
Mestizos;FEMENINO;0;22;8.995;1;1;4.8;ALTO
Mestizos;FEMENINO;0;26;9.43;1;1;4.1;ALTO
Mestizos;FEMENINO;0;22;9.26;1;1;3.9;ALTO
Mulato;FEMENINO;0;21;9.16;1;1;3.7;ALTO
Mestizos;FEMENINO;0;22;9.76;1;1;4.4;ALTO
Mestizos;FEMENINO;0;21;8.595;1;1;4;ALTO
Mestizos;MASCULINO;0;23;9.605;1;1;3.5;ALTO
Mestizos;MASCULINO;1;21;8.17;1;0;0.4;BAJO
Mestizos;MASCULINO;0;24;8.585;1;1;4.4;ALTO
Mestizos;FEMENINO;0;22;9.625;1;1;3.9;ALTO
Mestizos;FEMENINO;0;23;9.735;1;1;4.6;ALTO
Mestizos;FEMENINO;1;24;9.395;1;1;4.9;ALTO
Mestizos;FEMENINO;0;25;9.675;1;1;3.5;ALTO
Mestizos;FEMENINO;0;21;9.395;1;1;4.3;ALTO
Mestizos;FEMENINO;0;24;8.365;1;0;2.5;BAJO
Mestizos;MASCULINO;0;22;9.28;1;1;5;ALTO
Mestizos;FEMENINO;0;20;9.44;1;1;3.5;ALTO
Mestizos;FEMENINO;1;22;9.285;1;1;4.7;ALTO
Mestizos;MASCULINO;0;22;9.405;1;1;4.1;ALTO
Mestizos;FEMENINO;0;22;9.625;1;1;3.6;ALTO
Mestizos;MASCULINO;0;24;9.07;1;1;4;ALTO
Mestizos;MASCULINO;0;22;9.585;1;1;3.8;ALTO
Mestizos;FEMENINO;0;20;9.705;1;1;4.6;ALTO
Mestizos;FEMENINO;0;29;9.11;1;1;4.6;ALTO
Mestizos;MASCULINO;0;24;9.12;1;1;4.9;ALTO
Mestizos;MASCULINO;0;21;7.57;1;0;1.3;BAJO
Mestizos;FEMENINO;0;21;8.48;1;0;1.2;BAJO
Mestizos;MASCULINO;0;21;8.905;1;1;4.4;ALTO
Mestizos;MASCULINO;0;22;9.11;1;1;5;ALTO
Mestizos;MASCULINO;0;21;9.36;1;1;4.9;ALTO
Mestizos;FEMENINO;0;23;9.175;1;1;3.8;ALTO
Mestizos;MASCULINO;3;50;9.58;1;1;3.6;ALTO
Mestizos;MASCULINO;0;39;9.74;1;1;4.1;ALTO
Mestizos;MASCULINO;3;40;9.69;1;1;3.5;ALTO
Mestizos;MASCULINO;0;21;8.38;1;0;1.7;BAJO
Mestizos;FEMENINO;3;37;9.48;1;1;4.8;ALTO
Mestizos;MASCULINO;0;22;9.2;1;1;3.7;ALTO
Mestizos;MASCULINO;1;32;9.325;1;1;4.6;ALTO
Mestizos;MASCULINO;2;34;8.8;1;1;3.8;ALTO
Mestizos;MASCULINO;0;25;9.47;1;1;4.3;ALTO
Mestizos;FEMENINO;0;21;9.41;1;1;5;ALTO
Mestizos;MASCULINO;0;21;8.03;1;0;1.4;BAJO
Montubio;MASCULINO;0;21;9.44;1;1;3.6;ALTO
Mestizos;FEMENINO;0;22;8.63;1;1;3.7;ALTO
Montubio;FEMENINO;0;23;9.28;1;1;4.6;ALTO
Mestizos;MASCULINO;0;31;9.33;1;1;4.4;ALTO
Mestizos;MASCULINO;0;20;7.97;1;0;1;BAJO
Mestizos;FEMENINO;0;22;9.575;1;1;4.8;ALTO
Mestizos;FEMENINO;0;21;9.44;1;1;5;ALTO
Mestizos;FEMENINO;1;30;9.095;1;1;4;ALTO
Mestizos;MASCULINO;0;21;8.63;1;1;3.9;ALTO
Mestizos;FEMENINO;0;21;9.17;1;1;4.9;ALTO
Mestizos;FEMENINO;0;21;9.135;1;1;3.6;ALTO
Mestizos;FEMENINO;0;31;8.845;1;1;4.4;ALTO
Mestizos;MASCULINO;0;30;9.25;1;1;4;ALTO
Mestizos;FEMENINO;0;25;8.925;1;1;4.2;ALTO
Mestizos;MASCULINO;0;23;9.63;1;1;3.6;ALTO
Mestizos;MASCULINO;0;22;9.405;1;1;4.4;ALTO
Mestizos;MASCULINO;0;22;8.75;1;1;3.9;ALTO
Mestizos;MASCULINO;0;24;9.155;1;1;3.9;ALTO
Mestizos;MASCULINO;99;25;9.19;1;1;4.4;ALTO
Mestizos;FEMENINO;0;24;9.795;1;1;3.1;ALTO
Mestizos;FEMENINO;1;23;9.225;1;1;4.6;ALTO
Mestizos;MASCULINO;1;27;8.255;1;0;0.9;BAJO
Mestizos;MASCULINO;0;24;9.285;1;1;4.1;ALTO
Mestizos;MASCULINO;0;26;9.185;1;1;4.1;ALTO
Mestizos;FEMENINO;0;21;8.685;1;1;3.1;ALTO
Mestizos;FEMENINO;0;22;8.815;1;1;5;ALTO
Mestizos;FEMENINO;0;21;9.04;1;1;3.7;ALTO
Mestizos;FEMENINO;0;21;9.34;1;1;3.1;ALTO
Mestizos;MASCULINO;0;20;8.655;1;1;4.4;ALTO
Mestizos;MASCULINO;0;22;8.055;1;0;1.3;BAJO
Mestizos;FEMENINO;0;24;9.335;1;1;3.2;ALTO
Mestizos;MASCULINO;0;24;8.555;1;1;3.1;ALTO
Mestizos;MASCULINO;0;21;8.445;1;0;1.6;BAJO
Mestizos;MASCULINO;0;26;8.865;1;1;4.1;ALTO
Mestizos;MASCULINO;0;23;8.27;1;0;2.3;BAJO
Mestizos;MASCULINO;0;21;9.125;1;1;4.3;ALTO
Mestizos;FEMENINO;0;25;9.58;1;1;3.7;ALTO
Negro;MASCULINO;0;20;8.63;1;1;3.6;ALTO
Mestizos;MASCULINO;0;27;8.735;1;1;3.5;ALTO
Mestizos;FEMENINO;1;25;9.005;1;1;4.9;ALTO
Mestizos;FEMENINO;0;24;8.82;1;1;3.1;ALTO
Mestizos;FEMENINO;0;25;9.005;1;1;4.5;ALTO
Mestizos;MASCULINO;0;22;8.36;1;0;0.8;BAJO
Mestizos;FEMENINO;0;22;9.13;1;1;3.9;ALTO
Mestizos;FEMENINO;0;21;9.45;1;1;4.9;ALTO
Mestizos;FEMENINO;0;22;9.71;1;1;4.1;ALTO
Mestizos;MASCULINO;1;25;9.205;1;1;4.5;ALTO
Montubio;MASCULINO;0;23;8.44;1;0;0.2;BAJO
Mestizos;FEMENINO;0;21;8.68;1;1;3.5;ALTO
Mestizos;MASCULINO;0;25;8.66;1;1;3.9;ALTO
Mestizos;FEMENINO;0;22;9.685;1;1;3.3;ALTO
Mestizos;MASCULINO;0;22;9.44;1;1;3.9;ALTO
Mestizos;MASCULINO;0;22;9.745;1;1;4.1;ALTO
AfroEcuatoriano;MASCULINO;0;22;9.235;1;1;4.7;ALTO
Mestizos;MASCULINO;0;22;9.115;1;1;4.1;ALTO
Mestizos;MASCULINO;0;23;8.815;1;1;3.2;ALTO
Mestizos;FEMENINO;1;22;9.56;1;1;4.2;ALTO
Mestizos;FEMENINO;0;22;9.43;1;1;3.5;ALTO
Mestizos;MASCULINO;0;22;8.155;1;0;2;BAJO
Mestizos;FEMENINO;0;22;8.945;1;1;4.9;ALTO
Mestizos;MASCULINO;1;23;8.135;1;0;0.2;BAJO
Mestizos;FEMENINO;0;22;9.425;1;1;3.9;ALTO
Mestizos;FEMENINO;0;21;9.145;1;1;4.2;ALTO
Mestizos;FEMENINO;0;22;9.18;1;1;4.6;ALTO
Mestizos;MASCULINO;0;22;9.53;1;1;4;ALTO
AfroEcuatoriano;MASCULINO;0;22;9.23;1;1;4.4;ALTO
Mestizos;MASCULINO;0;21;9.365;1;1;3.5;ALTO
Mestizos;MASCULINO;0;21;8.94;1;1;4.7;ALTO
Mestizos;FEMENINO;0;24;9.085;1;1;4;ALTO
Mestizos;FEMENINO;0;22;8.92;1;1;4.6;ALTO
Mestizos;MASCULINO;1;31;8.58;1;1;4.8;ALTO
Mestizos;FEMENINO;0;22;9.17;1;1;4.2;ALTO
Mestizos;MASCULINO;0;21;8.7;1;1;4.4;ALTO
Mestizos;MASCULINO;0;24;9.23;1;1;4.7;ALTO
Mestizos;FEMENINO;0;29;9.745;1;1;3.8;ALTO
Mestizos;MASCULINO;0;25;8.535;1;1;3.6;ALTO
Mestizos;MASCULINO;0;22;9.575;1;1;3.5;ALTO
Mestizos;MASCULINO;1;30;8.225;1;0;2.2;BAJO
Blancos;MASCULINO;0;25;9.27;1;1;3.6;ALTO
AfroEcuatoriano;MASCULINO;0;24;8;1;0;1;BAJO
Mestizos;MASCULINO;0;23;8.485;1;0;2.1;BAJO
Mestizos;MASCULINO;0;25;8.33;1;0;2.4;BAJO
Mestizos;MASCULINO;0;32;9.06;1;1;3.5;ALTO
Mestizos;FEMENINO;1;33;8.98;1;1;4.6;ALTO
Mestizos;MASCULINO;0;22;9.16;1;1;4;ALTO
Mestizos;MASCULINO;0;23;9.465;1;1;3.7;ALTO
Blancos;MASCULINO;0;23;7.49;1;0;0.2;BAJO
Mestizos;FEMENINO;3;34;8.93;1;1;4.8;ALTO
Mestizos;FEMENINO;0;34;9.405;1;1;5;ALTO
Mestizos;MASCULINO;0;23;9.295;1;1;3.6;ALTO
Mestizos;MASCULINO;0;23;9.195;1;1;3.8;ALTO
Mestizos;MASCULINO;0;23;8.91;1;1;3.9;ALTO
Mestizos;FEMENINO;0;21;9.135;1;1;3.6;ALTO
Blancos;MASCULINO;0;24;9.165;1;1;3.7;ALTO
Mestizos;MASCULINO;0;23;8.17;1;0;2;BAJO
Mestizos;MASCULINO;2;30;8.305;1;0;2.2;BAJO
Mestizos;MASCULINO;1;32;7.87;1;0;0.3;BAJO
Blancos;FEMENINO;0;22;9.24;1;1;5;ALTO
Mestizos;MASCULINO;0;23;9.47;1;1;4.9;ALTO
Mestizos;MASCULINO;0;24;9.58;1;1;4.7;ALTO
Mestizos;MASCULINO;0;26;8.51;1;1;4.2;ALTO
Mestizos;MASCULINO;0;23;8.425;1;0;0.7;BAJO
Mestizos;MASCULINO;0;21;8.585;1;1;4;ALTO
Mestizos;FEMENINO;0;23;9.075;1;1;4.8;ALTO
Mestizos;MASCULINO;0;23;8.58;1;1;3.6;ALTO
Blancos;MASCULINO;0;22;8.55;1;1;4.6;ALTO
Mestizos;MASCULINO;0;21;8.015;1;0;0.5;BAJO
Mestizos;MASCULINO;0;22;8.675;1;1;5;ALTO
Mestizos;FEMENINO;1;22;9.36;1;1;3.6;ALTO
Mestizos;MASCULINO;1;26;8.235;1;0;2.1;BAJO
Mestizos;MASCULINO;0;22;8.76;1;1;3.9;ALTO
Mestizos;MASCULINO;0;27;8.72;1;1;4.7;ALTO
Mestizos;FEMENINO;0;23;8.805;1;1;4.6;ALTO
Mestizos;FEMENINO;0;22;9.385;1;1;3.9;ALTO
Mestizos;MASCULINO;0;25;9.14;1;1;4.6;ALTO
Mestizos;FEMENINO;0;21;9.21;1;1;4.4;ALTO
Mestizos;FEMENINO;0;24;8.23;1;0;1;BAJO
Mestizos;FEMENINO;0;24;8.915;1;1;3.8;ALTO
Mestizos;FEMENINO;0;23;9.285;1;1;3.5;ALTO
Mestizos;FEMENINO;0;22;8.69;1;1;3.9;ALTO
Indígenas;FEMENINO;0;22;8.97;1;1;3.5;ALTO
Mestizos;MASCULINO;1;22;8.525;1;1;4.4;ALTO
Mestizos;FEMENINO;0;22;9.49;1;1;4.7;ALTO
Mestizos;FEMENINO;0;23;9.48;1;1;3.6;ALTO
Mestizos;MASCULINO;0;22;9.005;1;1;4.3;ALTO
AfroEcuatoriano;MASCULINO;0;22;9.59;1;1;3.5;ALTO
Mestizos;MASCULINO;0;22;9.385;1;1;4.2;ALTO
Mestizos;MASCULINO;0;23;8.425;1;0;2.5;BAJO
Mestizos;FEMENINO;0;22;7.99;1;0;0.3;BAJO
Mestizos;FEMENINO;0;24;9.02;1;1;3.5;ALTO
Mestizos;MASCULINO;2;22;8.865;1;1;4;ALTO
Mestizos;MASCULINO;0;23;8.355;1;0;0.8;BAJO
Mestizos;MASCULINO;0;23;9.115;1;1;3.6;ALTO
Mestizos;MASCULINO;0;22;9.385;1;1;4;ALTO
Mestizos;MASCULINO;2;27;8.295;1;0;0.8;BAJO
Mestizos;MASCULINO;0;23;9.19;1;1;4.8;ALTO
Mestizos;MASCULINO;0;22;8.66;1;1;3.6;ALTO
Mestizos;FEMENINO;0;22;8.935;1;1;4.1;ALTO
AfroEcuatoriano;MASCULINO;0;23;8.485;1;0;1.5;BAJO
Mestizos;MASCULINO;1;22;8.32;1;0;0.9;BAJO
Mestizos;MASCULINO;0;22;8.375;1;0;0.7;BAJO
Mestizos;MASCULINO;0;23;8.29;1;0;1;BAJO
Mestizos;MASCULINO;0;24;8.795;1;1;5;ALTO
Mestizos;FEMENINO;1;21;8.49;1;0;0.4;BAJO
Mestizos;FEMENINO;1;25;8.17;1;0;1.7;BAJO
Mestizos;MASCULINO;0;22;9.15;1;1;3.7;ALTO
Mestizos;MASCULINO;0;33;9.14;1;1;3.8;ALTO
Mestizos;FEMENINO;0;22;9.37;1;1;4.2;ALTO
Mestizos;FEMENINO;0;22;9.375;1;1;3.5;ALTO
Mestizos;MASCULINO;0;26;9.32;1;1;4.2;ALTO
Mestizos;MASCULINO;0;22;9.2;1;1;4.8;ALTO
Mestizos;MASCULINO;0;22;9.32;1;1;3.7;ALTO
Mestizos;FEMENINO;1;27;9.475;1;1;4.5;ALTO
AfroEcuatoriano;MASCULINO;0;22;8.575;1;1;4.4;ALTO
Mestizos;MASCULINO;0;22;8.415;1;0;1;BAJO
Mestizos;MASCULINO;0;22;9.045;1;1;4.3;ALTO
Mestizos;FEMENINO;1;22;8.775;1;1;3.9;ALTO
Mestizos;MASCULINO;0;22;8.725;1;1;3.7;ALTO
Mestizos;FEMENINO;0;22;9.25;1;1;3.5;ALTO
Mestizos;MASCULINO;0;22;8.935;1;1;3.5;ALTO
Mestizos;MASCULINO;0;22;9.22;1;1;4.2;ALTO
Mestizos;MASCULINO;0;23;9.645;1;1;3.7;ALTO
Mestizos;MASCULINO;0;24;9.185;1;1;4.8;ALTO
Mestizos;MASCULINO;0;21;9.275;1;1;4.9;ALTO
Mestizos;MASCULINO;0;21;9.045;1;1;3.9;ALTO
Mestizos;FEMENINO;1;27;8.475;1;0;0.8;BAJO
Mestizos;FEMENINO;0;22;9.56;1;1;4.4;ALTO
Mestizos;FEMENINO;0;22;9.745;1;1;4.8;ALTO
Mestizos;MASCULINO;0;22;9.12;1;1;3.5;ALTO
Mestizos;MASCULINO;0;22;9.21;1;1;3.9;ALTO
Mestizos;MASCULINO;0;24;8.295;1;0;1.5;BAJO
Mestizos;MASCULINO;1;24;8.465;1;0;1.5;BAJO
Mestizos;MASCULINO;0;23;7.835;1;0;0.4;BAJO
Mestizos;MASCULINO;0;24;8.34;1;0;1.4;BAJO
Mestizos;FEMENINO;0;23;8.405;1;0;0.7;BAJO
Mestizos;MASCULINO;0;23;7.87;1;0;0.7;BAJO
Mestizos;FEMENINO;0;22;8.565;1;1;4;ALTO
Mestizos;MASCULINO;0;22;9.005;1;1;4.3;ALTO
Mestizos;FEMENINO;0;22;8.775;1;1;4.1;ALTO
Mestizos;FEMENINO;1;21;8.025;1;0;1.5;BAJO
Mestizos;MASCULINO;0;22;9.48;1;1;4.3;ALTO
Mestizos;MASCULINO;0;22;8.795;1;1;4.1;ALTO
Mestizos;FEMENINO;0;22;9.065;1;1;3.7;ALTO
Mestizos;FEMENINO;0;21;9.19;1;1;4.1;ALTO
Mestizos;MASCULINO;0;22;8.83;1;1;5;ALTO
Mestizos;MASCULINO;0;23;8.67;1;1;4.8;ALTO
Mestizos;FEMENINO;0;21;9.34;1;1;3.8;ALTO
Mestizos;FEMENINO;0;25;9.03;1;1;4;ALTO
Mestizos;FEMENINO;0;23;8.175;1;0;0.6;BAJO
Mulato;MASCULINO;0;29;8.935;1;1;4;ALTO
Mestizos;FEMENINO;0;23;9.045;1;1;5;ALTO
Mestizos;MASCULINO;0;23;8.485;1;0;1.6;BAJO
Mestizos;FEMENINO;0;22;8.94;1;1;5;ALTO
Indígenas;MASCULINO;0;23;9.175;1;1;4.9;ALTO
Mestizos;MASCULINO;0;22;8.64;1;1;4.7;ALTO
Blancos;MASCULINO;0;23;9.07;1;1;4.1;ALTO
Mulato;FEMENINO;0;22;8.915;1;1;3.9;ALTO
Indígenas;MASCULINO;0;42;9.115;1;1;3.9;ALTO
Mestizos;MASCULINO;0;33;9.055;1;1;3.7;ALTO
Mestizos;MASCULINO;0;26;9.345;1;1;4.4;ALTO
Mestizos;MASCULINO;0;24;9.27;1;1;3.9;ALTO
Mestizos;FEMENINO;1;29;9.405;1;1;4.6;ALTO
Mestizos;MASCULINO;0;23;8.675;1;1;3;ALTO
Mestizos;MASCULINO;0;23;8.86;1;1;4.8;ALTO
Mestizos;MASCULINO;0;4;8.565;1;1;4;ALTO
Mestizos;FEMENINO;0;23;9.175;1;1;3.7;ALTO
Mestizos;MASCULINO;0;24;9.02;1;1;3.5;ALTO
Mestizos;MASCULINO;0;22;9.51;1;1;4.7;ALTO
Mestizos;FEMENINO;2;33;8.965;1;1;4.3;ALTO
Mestizos;MASCULINO;0;28;8.52;1;1;4.3;ALTO
Mestizos;FEMENINO;0;29;8.51;1;1;3.4;ALTO
Mestizos;FEMENINO;2;32;9.32;1;1;3.7;ALTO
Mestizos;FEMENINO;0;22;9.69;1;1;3.9;ALTO
Mestizos;FEMENINO;1;32;8.56;1;1;3.9;ALTO
Montubio;FEMENINO;0;21;9.545;1;1;4.6;ALTO
Mestizos;MASCULINO;0;22;8.61;1;1;3.7;ALTO
Mestizos;MASCULINO;0;22;7.935;1;0;0;BAJO
AfroEcuatoriano;MASCULINO;0;23;8.9;1;1;4.9;ALTO
Mestizos;MASCULINO;0;21;9.405;1;1;4.5;ALTO
Mestizos;FEMENINO;0;22;9.31;1;1;3.6;ALTO
Mestizos;FEMENINO;0;30;8.995;1;1;5;ALTO
Mestizos;FEMENINO;0;24;8.8;1;1;4.8;ALTO
Mestizos;MASCULINO;0;21;8.95;1;1;4.3;ALTO
Mestizos;FEMENINO;0;23;8.84;1;1;3.5;ALTO
Mestizos;FEMENINO;0;26;9.07;1;1;3.8;ALTO
Mestizos;MASCULINO;0;28;8.88;1;1;3.4;ALTO
Mestizos;MASCULINO;0;29;8.885;1;1;3.6;ALTO
Montubio;MASCULINO;0;4;8.92;1;1;4.5;ALTO
Mestizos;FEMENINO;0;22;8.68;1;1;4.2;ALTO
Mestizos;MASCULINO;0;22;9.255;1;1;5;ALTO
Blancos;FEMENINO;0;23;8.915;1;1;4;ALTO
AfroEcuatoriano;FEMENINO;0;24;8.405;1;0;0.1;BAJO
Mestizos;FEMENINO;1;22;8.63;1;1;5;ALTO
Mestizos;MASCULINO;0;22;8.91;1;1;5;ALTO
AfroEcuatoriano;MASCULINO;1;23;7.845;1;0;1.3;BAJO
Mestizos;MASCULINO;0;26;8.95;1;1;3.5;ALTO
Mestizos;MASCULINO;1;29;7.885;1;0;1.2;BAJO
Mestizos;MASCULINO;0;28;8.515;1;1;3.5;ALTO
Mestizos;MASCULINO;0;24;9.59;1;1;3.9;ALTO
Mestizos;MASCULINO;0;23;9.065;1;1;3.6;ALTO
Mestizos;MASCULINO;0;28;8.31;1;0;2.5;BAJO
Mestizos;FEMENINO;0;22;8.865;1;1;4.3;ALTO
Mestizos;MASCULINO;0;23;9.345;1;1;4.1;ALTO
Blancos;MASCULINO;0;22;9.165;1;1;4.1;ALTO
Mestizos;MASCULINO;0;23;9.33;1;1;4.2;ALTO
Mestizos;FEMENINO;0;23;9.79;1;1;4.2;ALTO
Mestizos;MASCULINO;0;21;9.625;1;1;5;ALTO
Mestizos;MASCULINO;0;22;8.71;1;1;4.1;ALTO
Mestizos;FEMENINO;0;22;8.875;1;1;5;ALTO
Mestizos;FEMENINO;0;22;9.605;1;1;3.7;ALTO
Mestizos;FEMENINO;0;22;9.33;1;1;3.9;ALTO
Mestizos;FEMENINO;0;23;9.41;1;1;3.7;ALTO
Mestizos;MASCULINO;0;22;9.6;1;1;4.5;ALTO
Mestizos;MASCULINO;0;23;9.41;1;1;3.6;ALTO
Mestizos;FEMENINO;1;23;8.38;1;0;1.3;BAJO
Mestizos;MASCULINO;0;22;9.145;1;1;4.8;ALTO
Mestizos;FEMENINO;0;22;9.525;1;1;4.2;ALTO
Mestizos;MASCULINO;0;22;7.655;1;0;0.3;BAJO
Mestizos;FEMENINO;0;22;9.43;1;1;3.5;ALTO
Mestizos;FEMENINO;0;22;9.075;1;1;4.1;ALTO
AfroEcuatoriano;MASCULINO;0;23;7.61;1;0;0.1;BAJO
Mestizos;MASCULINO;0;26;8.95;1;1;3.6;ALTO
Mestizos;MASCULINO;0;22;8.25;1;0;1.2;BAJO
Mestizos;MASCULINO;0;22;8.855;1;1;4.2;ALTO
Mestizos;FEMENINO;0;22;8.94;1;1;3.9;ALTO
Mestizos;MASCULINO;0;22;8.65;1;1;3.9;ALTO
Mestizos;MASCULINO;0;22;8.37;1;0;0.1;BAJO
Mestizos;MASCULINO;0;21;9.625;1;1;3.6;ALTO
Mestizos;MASCULINO;0;22;9.045;1;1;3.7;ALTO
AfroEcuatoriano;MASCULINO;0;22;9.19;1;1;3.6;ALTO
Mestizos;MASCULINO;0;23;9.54;1;1;5;ALTO
Mestizos;MASCULINO;0;23;8.145;1;0;0.4;BAJO
Blancos;FEMENINO;0;22;9.17;1;1;3.5;ALTO
Mestizos;MASCULINO;0;22;9.36;1;1;4.2;ALTO
Mestizos;MASCULINO;0;22;9.14;1;1;4.3;ALTO
Mestizos;FEMENINO;0;22;9.66;1;1;4.7;ALTO
Mestizos;MASCULINO;0;24;9.02;1;1;4.8;ALTO
Blancos;MASCULINO;0;22;7.94;1;0;1.2;BAJO
Blancos;MASCULINO;0;23;9.55;1;1;3.9;ALTO
Mestizos;MASCULINO;0;22;9.355;1;1;4.4;ALTO
Blancos;MASCULINO;0;22;9.14;1;1;4.9;ALTO
Mestizos;FEMENINO;0;22;8.61;1;1;4.2;ALTO
Mestizos;MASCULINO;0;22;8.78;1;1;4.5;ALTO
Mestizos;MASCULINO;0;22;8.79;1;1;3.8;ALTO
Mestizos;FEMENINO;1;21;9.35;1;1;4.3;ALTO
Mestizos;FEMENINO;0;27;9.055;1;1;3.9;ALTO
Blancos;MASCULINO;0;22;9.105;1;1;3.7;ALTO
Mestizos;MASCULINO;0;22;8.295;1;0;1.6;BAJO
Mestizos;MASCULINO;0;22;9.535;1;1;4.4;ALTO
Mestizos;FEMENINO;0;25;8.98;1;1;4.7;ALTO
Blancos;MASCULINO;0;25;8.78;1;1;4.7;ALTO
Mestizos;FEMENINO;1;24;8.07;1;0;1.1;BAJO
Mestizos;MASCULINO;0;24;8.92;1;1;4.4;ALTO
Mestizos;MASCULINO;0;22;8.425;1;0;1.8;BAJO
Mestizos;MASCULINO;0;22;8.645;1;1;4;ALTO
Mestizos;FEMENINO;0;22;9.49;1;1;3.6;ALTO
Mestizos;MASCULINO;0;22;9.015;1;1;4;ALTO
Mestizos;MASCULINO;0;26;8.17;1;0;0.8;BAJO
Mestizos;FEMENINO;0;22;9.515;1;1;3.8;ALTO
AfroEcuatoriano;MASCULINO;0;22;9.195;1;1;3.7;ALTO
Mestizos;MASCULINO;0;22;9.23;1;1;5;ALTO
Mestizos;FEMENINO;0;22;8.84;1;1;4;ALTO
Mestizos;FEMENINO;0;23;9.62;1;1;4.4;ALTO
Blancos;FEMENINO;0;22;9.285;1;1;5;ALTO
Mestizos;MASCULINO;0;22;9.285;1;1;3.5;ALTO
Mestizos;MASCULINO;0;22;9.21;1;1;4;ALTO
Mestizos;FEMENINO;0;22;9.96;1;1;4.6;ALTO
Mestizos;MASCULINO;0;22;9.255;1;1;4.9;ALTO
Mestizos;MASCULINO;0;21;8.725;1;1;4.5;ALTO
Mestizos;FEMENINO;0;22;8.645;1;1;3.9;ALTO
Mestizos;MASCULINO;0;22;8.28;1;0;1.2;BAJO
Mestizos;FEMENINO;0;22;9.485;1;1;4.2;ALTO
Mestizos;MASCULINO;0;23;9.175;1;1;3.5;ALTO
Mestizos;MASCULINO;0;23;8.945;1;1;3.5;ALTO
Mestizos;MASCULINO;0;22;8.18;1;0;0.5;BAJO
Mestizos;MASCULINO;0;23;8.225;1;0;1.1;BAJO
Mestizos;MASCULINO;0;22;8.68;1;1;4.3;ALTO
Mestizos;MASCULINO;0;22;9.38;1;1;4.3;ALTO
Mestizos;FEMENINO;0;23;9.445;1;1;4.5;ALTO
Mestizos;MASCULINO;0;22;9.255;1;1;4.1;ALTO
Mestizos;FEMENINO;0;23;8.895;1;1;4.5;ALTO
Mestizos;MASCULINO;0;22;9.375;1;1;3.9;ALTO
Mestizos;FEMENINO;0;23;9.16;1;1;4.8;ALTO
Mestizos;FEMENINO;0;22;9.72;1;1;4.7;ALTO
Mestizos;FEMENINO;0;22;9.485;1;1;4.8;ALTO
Mestizos;MASCULINO;0;22;8.325;1;0;0.9;BAJO
Mestizos;MASCULINO;0;23;9.465;1;1;5;ALTO
Mestizos;MASCULINO;0;22;9.245;1;1;4.2;ALTO
Mestizos;FEMENINO;0;22;9.64;1;1;4.2;ALTO
Mestizos;FEMENINO;0;23;9.475;1;1;3.5;ALTO
Mestizos;MASCULINO;0;21;8.76;1;1;5;ALTO
Mestizos;MASCULINO;0;23;9.295;1;1;4.7;ALTO
Mestizos;MASCULINO;0;22;8.685;1;1;4.8;ALTO
Mestizos;MASCULINO;0;24;9.48;1;1;3.7;ALTO
Mestizos;MASCULINO;0;22;9.48;1;1;4.9;ALTO
AfroEcuatoriano;FEMENINO;0;23;9.54;1;1;4.6;ALTO
Blancos;MASCULINO;0;22;9.395;1;1;3.6;ALTO
Blancos;MASCULINO;0;24;8.54;1;1;4.5;ALTO
Mestizos;MASCULINO;0;23;8.605;1;1;4.5;ALTO
Mestizos;FEMENINO;0;22;9.16;1;1;4.4;ALTO
Mestizos;FEMENINO;0;22;9.695;1;1;4.4;ALTO
Mestizos;MASCULINO;0;22;9.19;1;1;5;ALTO
Mestizos;FEMENINO;0;4;9.345;1;1;5;ALTO
Mestizos;FEMENINO;0;23;9.025;1;1;4.7;ALTO
Mestizos;MASCULINO;0;22;9;1;1;3.6;ALTO
Mestizos;MASCULINO;0;24;9.425;1;1;4.7;ALTO
Mestizos;MASCULINO;0;22;9.525;1;1;3.9;ALTO
Mestizos;FEMENINO;0;22;9.415;1;1;4.3;ALTO
Mestizos;FEMENINO;0;26;9.305;1;1;4;ALTO
Mestizos;MASCULINO;0;22;8.72;1;1;3.8;ALTO
Mestizos;MASCULINO;0;23;8.3;1;0;1.2;BAJO
Mestizos;MASCULINO;0;22;9.01;1;1;5;ALTO
Mestizos;FEMENINO;0;22;9.485;1;1;4.9;ALTO
Mestizos;MASCULINO;0;24;8.89;1;1;4.2;ALTO
Mestizos;MASCULINO;0;23;8.755;1;1;3.9;ALTO
Mestizos;FEMENINO;0;22;9.655;1;1;4.3;ALTO
Mestizos;FEMENINO;0;24;9.445;1;1;4.3;ALTO
Mestizos;FEMENINO;0;23;8.615;1;1;3.4;ALTO
Mestizos;FEMENINO;2;48;9.24;1;1;3.6;ALTO
Mulato;MASCULINO;1;35;8.67;1;1;3.6;ALTO
Mestizos;FEMENINO;3;33;9.25;1;1;3.5;ALTO
Mestizos;MASCULINO;0;23;9.45;1;1;5;ALTO
Mestizos;MASCULINO;0;29;9.345;1;1;4;ALTO
Mestizos;FEMENINO;0;23;9.74;1;1;4.6;ALTO
Mestizos;FEMENINO;0;22;9.03;1;1;3.1;ALTO
Mestizos;FEMENINO;0;24;9.58;1;1;4.2;ALTO
Mestizos;FEMENINO;4;39;9.055;1;1;4.4;ALTO
Mestizos;MASCULINO;2;31;8.66;1;1;3.3;ALTO
Mestizos;FEMENINO;0;23;9.725;1;1;3.6;ALTO
Mestizos;MASCULINO;2;35;8.745;1;1;4.1;ALTO
Mestizos;MASCULINO;0;25;9.365;1;1;4.5;ALTO
Mestizos;FEMENINO;0;34;9.395;1;1;4.4;ALTO
Mestizos;MASCULINO;0;30;9.555;1;1;3.7;ALTO
Mestizos;MASCULINO;0;26;9.455;1;1;3.3;ALTO
Mestizos;MASCULINO;0;23;9.35;1;1;4.2;ALTO
Montubio;MASCULINO;0;27;8.76;1;1;4.1;ALTO
Mestizos;MASCULINO;0;23;9.295;1;1;4.4;ALTO
Mestizos;FEMENINO;0;22;8.62;1;1;4;ALTO
Mestizos;MASCULINO;3;32;8.52;1;1;3.4;ALTO
Mestizos;MASCULINO;0;26;9.04;1;1;4.6;ALTO
Mestizos;FEMENINO;4;30;8.485;1;0;1.7;BAJO
Mestizos;MASCULINO;0;22;8.91;1;1;3.8;ALTO
Montubio;MASCULINO;0;25;8.97;1;1;4.9;ALTO
Mestizos;FEMENINO;0;23;9.24;1;1;4.5;ALTO
Mestizos;MASCULINO;1;30;8.37;1;0;0.6;BAJO
Blancos;FEMENINO;0;28;9.08;1;1;4.2;ALTO
Mestizos;MASCULINO;0;26;8.305;1;0;2.1;BAJO
Montubio;FEMENINO;0;23;9.265;1;1;3.5;ALTO
Mestizos;FEMENINO;0;25;9.105;1;1;4;ALTO
Mestizos;MASCULINO;0;25;9.54;1;1;3.9;ALTO
Mestizos;MASCULINO;0;24;9.025;1;1;4.7;ALTO
Mestizos;MASCULINO;0;24;9.31;1;1;3.5;ALTO
Mestizos;MASCULINO;0;25;9.395;1;1;4.5;ALTO
Mestizos;FEMENINO;1;24;8.17;1;0;1;BAJO
Mestizos;MASCULINO;0;28;9.095;1;1;4.2;ALTO
Mestizos;MASCULINO;0;23;9.52;1;1;3.6;ALTO
Mestizos;MASCULINO;0;23;8.845;1;1;4.9;ALTO
Mestizos;MASCULINO;0;24;8.465;1;0;0.3;BAJO
Mestizos;FEMENINO;0;22;9.205;1;1;3.5;ALTO
Mestizos;MASCULINO;0;22;8.25;1;0;2.4;BAJO
Mestizos;MASCULINO;0;24;8.12;1;0;2.3;BAJO
Mestizos;MASCULINO;0;24;9.62;1;1;3.2;ALTO
Mestizos;MASCULINO;0;25;8.465;1;0;2.1;BAJO
Montubio;MASCULINO;0;24;8.435;1;0;2.1;BAJO
Mestizos;MASCULINO;0;23;9.335;1;1;4.6;ALTO
Mestizos;MASCULINO;0;23;9.055;1;1;4.2;ALTO
Mestizos;MASCULINO;0;23;9.145;1;1;3.1;ALTO
Montubio;FEMENINO;1;25;9.315;1;1;4.3;ALTO
Mestizos;MASCULINO;1;25;8.8;1;1;3.9;ALTO
Mestizos;MASCULINO;0;24;8.87;1;1;4.8;ALTO
Blancos;FEMENINO;0;22;9.48;1;1;3.8;ALTO
Mestizos;MASCULINO;0;24;9.035;1;1;4.1;ALTO
Mestizos;FEMENINO;1;23;9.05;1;1;3.9;ALTO
Mestizos;MASCULINO;0;24;8.845;1;1;4.8;ALTO
Mestizos;FEMENINO;0;24;9.105;1;1;4.4;ALTO
Mestizos;FEMENINO;0;27;8.695;1;1;4.5;ALTO
Montubio;MASCULINO;0;24;8.35;1;0;1.4;BAJO
Mestizos;MASCULINO;0;24;7.805;1;0;1.8;BAJO
Mestizos;MASCULINO;0;27;8.13;1;0;2.3;BAJO
Mestizos;FEMENINO;0;23;8.27;1;0;0.3;BAJO
Blancos;MASCULINO;0;23;9.765;1;1;5;ALTO
Mestizos;FEMENINO;0;24;8.66;1;1;3;ALTO
Mestizos;MASCULINO;0;28;9.62;1;1;4.2;ALTO
Mestizos;MASCULINO;0;27;8.915;1;1;4.4;ALTO
Mestizos;FEMENINO;0;23;9.09;1;1;3;ALTO
Mestizos;FEMENINO;0;22;9.425;1;1;4.1;ALTO
Mulato;MASCULINO;0;23;9.15;1;1;3.8;ALTO
Mestizos;FEMENINO;1;24;9;1;1;3.9;ALTO
Mestizos;MASCULINO;0;23;9.355;1;1;3.7;ALTO
Mestizos;MASCULINO;0;26;8.5;1;1;3.1;ALTO
Mestizos;FEMENINO;0;24;9.61;1;1;3.6;ALTO
Mestizos;FEMENINO;0;22;9.03;1;1;3.7;ALTO
Mestizos;MASCULINO;0;26;8.985;1;1;3.7;ALTO
Mestizos;FEMENINO;1;22;9.435;1;1;3.1;ALTO
Mestizos;MASCULINO;0;27;7.885;1;0;2.3;BAJO
Mestizos;MASCULINO;0;26;8.96;1;1;4.4;ALTO
Mestizos;FEMENINO;0;22;9.575;1;1;4.8;ALTO
Mestizos;MASCULINO;0;23;9.395;1;1;4.4;ALTO
Mestizos;FEMENINO;0;22;8.21;1;0;0.6;BAJO
Mestizos;MASCULINO;1;26;8.035;1;0;0.2;BAJO
Mestizos;FEMENINO;0;27;8.64;1;1;3.7;ALTO
Mestizos;FEMENINO;0;23;9.14;1;1;3.9;ALTO
Mestizos;FEMENINO;0;23;9.205;1;1;4.7;ALTO
Mestizos;FEMENINO;0;24;8.96;1;1;3.5;ALTO
Mestizos;MASCULINO;0;25;8.825;1;1;3.9;ALTO
Mestizos;MASCULINO;0;24;7.98;1;0;2.1;BAJO
Blancos;MASCULINO;0;23;7.925;1;0;0.6;BAJO
Mestizos;FEMENINO;2;24;8.83;1;1;3.9;ALTO
Mestizos;MASCULINO;0;22;8.86;1;1;3.8;ALTO
Mestizos;FEMENINO;0;23;9.675;1;1;4.3;ALTO
Mestizos;FEMENINO;1;26;8.9;1;1;3.9;ALTO
Mestizos;FEMENINO;0;22;9.35;1;1;4.7;ALTO
Mestizos;FEMENINO;0;23;8.86;1;1;4.5;ALTO
Mestizos;MASCULINO;1;24;8.94;1;1;3.6;ALTO
Mestizos;FEMENINO;0;23;8.92;1;1;3.9;ALTO
Mestizos;FEMENINO;0;25;9.25;1;1;4.7;ALTO
Mestizos;FEMENINO;0;24;9.235;1;1;3.7;ALTO
Mestizos;MASCULINO;0;25;8.81;1;1;4.4;ALTO
Mestizos;FEMENINO;0;23;8.98;1;1;3;ALTO
Mestizos;MASCULINO;0;23;9.415;1;1;4.1;ALTO
Mestizos;MASCULINO;0;24;9.545;1;1;3.7;ALTO
Mestizos;MASCULINO;0;26;8.865;1;1;3.3;ALTO
Mestizos;FEMENINO;0;23;8.71;1;1;3.5;ALTO
Mestizos;FEMENINO;1;22;9.035;1;1;3.5;ALTO
Mestizos;MASCULINO;0;27;8.95;1;1;4.5;ALTO
Mestizos;MASCULINO;0;24;8.485;1;0;1.4;BAJO
Mestizos;MASCULINO;0;23;9.19;1;1;4.9;ALTO
Mestizos;MASCULINO;0;23;8.935;1;1;3.2;ALTO
Mestizos;FEMENINO;0;24;9.035;1;1;4.3;ALTO
Mestizos;FEMENINO;1;23;8.84;1;1;3.1;ALTO
Blancos;MASCULINO;0;23;8.215;1;0;1.1;BAJO
Mestizos;MASCULINO;1;24;8.735;1;1;3.2;ALTO
Mestizos;FEMENINO;0;23;8.805;1;1;3.7;ALTO
Mestizos;FEMENINO;0;23;9;1;1;3.5;ALTO
Mestizos;FEMENINO;0;22;8.245;1;0;0.4;BAJO
Mestizos;MASCULINO;0;26;8.51;1;1;4.4;ALTO
Mestizos;MASCULINO;0;23;9.47;1;1;4.6;ALTO
Mestizos;MASCULINO;0;25;7.985;1;0;0.7;BAJO
Mestizos;MASCULINO;1;23;8.225;1;0;1.4;BAJO
Mestizos;MASCULINO;0;24;8.535;1;1;4.2;ALTO
Mestizos;MASCULINO;0;23;9.235;1;1;4;ALTO
Blancos;FEMENINO;0;24;8.975;1;1;3.5;ALTO
Mestizos;FEMENINO;0;23;9.515;1;1;4.4;ALTO
Mestizos;FEMENINO;1;23;7.97;1;0;1.3;BAJO
Mestizos;MASCULINO;0;22;9.405;1;1;3;ALTO
Mestizos;MASCULINO;0;23;8.715;1;1;4.7;ALTO
Mestizos;FEMENINO;1;22;9.19;1;1;4.1;ALTO
Montubio;MASCULINO;0;23;8.275;1;0;0.4;BAJO
Mestizos;FEMENINO;0;24;9.32;1;1;4.1;ALTO
Mestizos;MASCULINO;1;31;9.045;1;1;4.2;ALTO
Mestizos;MASCULINO;0;25;9.03;1;1;3;ALTO
Mulato;MASCULINO;0;24;7.695;1;0;2.3;BAJO
Mestizos;MASCULINO;0;26;9.025;1;1;4.1;ALTO
AfroEcuatoriano;MASCULINO;0;25;9.025;1;1;3.7;ALTO
Mestizos;MASCULINO;0;26;9.67;1;1;3.2;ALTO
