etnia;genero;nhijos;edad;promedio;he;sv;modalidad;rendimiento
Mestizos;FEMENINO;0;22;7.89;25.4;0;0;BAJO
Mestizos;FEMENINO;0;55;9.555;3.1;0;0;ALTO
Blancos;MASCULINO;3;48;9.715;9.2;0;0;ALTO
Mestizos;MASCULINO;2;32;7.805;4.6;0;0;BAJO
Mestizos;FEMENINO;3;48;9.065;22;0;0;ALTO
Mestizos;MASCULINO;0;41;8.405;19.4;0;0;BAJO
Mestizos;MASCULINO;1;41;9.2;20.4;0;0;ALTO
Mestizos;FEMENINO;3;42;9.035;45.8;0;0;ALTO
Mestizos;MASCULINO;0;35;9.58;1.2;0;0;ALTO
Mestizos;MASCULINO;2;34;9.47;34.9;0;0;ALTO
Mestizos;FEMENINO;2;42;8.905;35.7;0;0;ALTO
Mestizos;FEMENINO;2;40;8.895;11.1;0;0;ALTO
Mestizos;FEMENINO;2;37;8.99;19;0;0;ALTO
Mestizos;FEMENINO;2;27;9.4;33.8;0;0;ALTO
Mestizos;MASCULINO;0;38;8.73;31.1;0;0;ALTO
Mestizos;MASCULINO;0;30;9.415;46.7;0;0;ALTO
Mestizos;MASCULINO;0;29;8.55;3.5;0;0;ALTO
Mestizos;MASCULINO;0;29;8.86;25;0;0;ALTO
Mestizos;MASCULINO;1;31;8.61;6.9;0;0;ALTO
Mestizos;FEMENINO;3;32;9.005;35.5;0;0;ALTO
Blancos;FEMENINO;0;23;8.455;43.5;0;0;BAJO
Mestizos;FEMENINO;1;35;9.49;42.1;0;0;ALTO
Mestizos;FEMENINO;3;27;9.535;40.1;0;0;ALTO
Mestizos;FEMENINO;0;22;8.515;4.8;0;0;ALTO
Blancos;MASCULINO;0;31;7.795;13.5;0;0;BAJO
Mestizos;MASCULINO;0;22;8.82;2.3;0;0;ALTO
Mestizos;MASCULINO;0;24;8.97;26.8;0;0;ALTO
Mestizos;FEMENINO;0;21;8.765;36.7;0;0;ALTO
Mestizos;MASCULINO;0;20;8.18;45.6;0;0;BAJO
Mestizos;FEMENINO;0;21;8.935;38.1;0;0;ALTO
AfroEcuatoriano;FEMENINO;0;21;8.89;17.1;0;0;ALTO
Mestizos;MASCULINO;0;21;7.995;31;0;0;BAJO
Mestizos;MASCULINO;0;23;8.83;35.7;0;0;ALTO
Mestizos;MASCULINO;0;21;8.46;41.1;0;0;BAJO
Mestizos;MASCULINO;0;22;8.665;45.6;0;0;ALTO
Mestizos;MASCULINO;0;21;9.155;38.8;0;0;ALTO
Mestizos;FEMENINO;0;22;8.285;4.2;0;0;BAJO
Mestizos;MASCULINO;0;24;8.375;9.4;0;0;BAJO
Blancos;MASCULINO;0;22;8.18;16.2;0;0;BAJO
Mestizos;FEMENINO;0;28;8.835;42.8;0;0;ALTO
Mestizos;MASCULINO;0;25;8.53;10.7;0;0;ALTO
Mestizos;MASCULINO;0;28;9.27;17.4;0;0;ALTO
Mestizos;MASCULINO;0;22;8.325;44.4;0;0;BAJO
Mestizos;MASCULINO;0;20;8.57;15.6;0;0;ALTO
Mestizos;MASCULINO;0;22;8.115;47.1;0;0;BAJO
Mestizos;MASCULINO;0;22;8.755;20.2;0;0;ALTO
Mestizos;FEMENINO;0;28;9.355;15.9;0;0;ALTO
Mestizos;MASCULINO;0;21;9.055;25.8;0;0;ALTO
Mestizos;MASCULINO;0;23;8.465;25.2;0;0;BAJO
Mestizos;MASCULINO;0;21;9.035;23.2;0;0;ALTO
Mestizos;MASCULINO;0;20;8.44;33.2;0;0;BAJO
Mestizos;MASCULINO;0;21;7.965;22.5;0;0;BAJO
Mestizos;MASCULINO;0;22;8.305;37.8;0;0;BAJO
Mestizos;FEMENINO;0;23;8.385;2.7;0;0;BAJO
Mestizos;MASCULINO;0;21;8.61;8.9;0;0;ALTO
Mestizos;MASCULINO;0;21;8;26.3;0;0;BAJO
Mestizos;FEMENINO;0;22;8.8;21.7;0;0;ALTO
Mestizos;MASCULINO;0;21;8.175;7.4;0;0;BAJO
Mestizos;MASCULINO;0;22;8.29;8.9;0;0;BAJO
Mestizos;MASCULINO;0;23;7.905;19.6;0;0;BAJO
Mestizos;MASCULINO;1;29;8.75;4.7;0;0;ALTO
Mestizos;FEMENINO;0;22;8.735;49.6;0;0;ALTO
Mestizos;FEMENINO;0;22;8.13;24.2;0;0;BAJO
Indígenas;FEMENINO;1;30;8.93;32.7;0;0;ALTO
Mestizos;MASCULINO;0;21;8.865;45.4;0;0;ALTO
Mestizos;FEMENINO;0;25;8.18;45.1;0;0;BAJO
Mestizos;FEMENINO;0;22;8.235;23.5;0;0;BAJO
Mestizos;MASCULINO;0;22;8.16;40.1;0;0;BAJO
Mestizos;FEMENINO;0;27;9.29;26.2;0;0;ALTO
Mestizos;MASCULINO;0;21;9.325;29.3;0;0;ALTO
Mestizos;MASCULINO;0;22;8.56;34.6;0;0;ALTO
Mulato;FEMENINO;0;21;8.555;50;0;0;ALTO
Blancos;MASCULINO;0;24;8.98;11.2;0;0;ALTO
Mestizos;MASCULINO;0;25;7.59;32;0;0;BAJO
Mestizos;MASCULINO;3;26;8.645;36.3;0;0;ALTO
Mestizos;FEMENINO;1;22;9.39;32.8;0;0;ALTO
Mestizos;FEMENINO;0;21;8.735;31.4;0;0;ALTO
Mestizos;MASCULINO;0;21;8.495;24.8;0;0;BAJO
Mestizos;MASCULINO;0;20;8.2;21.1;0;0;BAJO
Mestizos;MASCULINO;0;21;8.73;24.8;0;0;ALTO
Mestizos;FEMENINO;1;22;8.405;31.7;0;0;BAJO
Mestizos;FEMENINO;1;22;8.995;21.6;0;0;ALTO
Mestizos;FEMENINO;0;21;8.82;15.4;0;0;ALTO
Montubio;FEMENINO;0;24;8.22;2.4;0;0;BAJO
Mestizos;MASCULINO;0;22;8.32;7.4;0;0;BAJO
Mestizos;FEMENINO;1;22;9.135;15.9;0;0;ALTO
Mestizos;FEMENINO;0;21;9.46;28.1;0;0;ALTO
Mestizos;FEMENINO;0;22;8.64;9.1;0;0;ALTO
Mestizos;FEMENINO;0;26;8.61;40;0;0;ALTO
Mestizos;FEMENINO;0;22;8.32;19.5;0;0;BAJO
Mulato;FEMENINO;0;21;8.625;47.4;0;0;ALTO
Mestizos;FEMENINO;0;22;8.565;24.9;0;0;ALTO
Mestizos;FEMENINO;0;21;8.435;49.2;0;0;BAJO
Mestizos;MASCULINO;0;23;8.365;8.3;0;0;BAJO
Mestizos;MASCULINO;1;21;8.855;26.2;0;0;ALTO
Mestizos;MASCULINO;0;24;8.36;37.3;0;0;BAJO
Mestizos;FEMENINO;0;22;8.505;2.3;0;0;ALTO
Mestizos;FEMENINO;0;23;8.78;9.7;0;0;ALTO
Mestizos;FEMENINO;1;24;9.015;44.9;0;0;ALTO
Mestizos;FEMENINO;0;25;8.605;32.5;0;0;ALTO
Mestizos;FEMENINO;0;21;8.38;49.9;0;0;BAJO
Mestizos;FEMENINO;0;24;8.13;35.2;0;0;BAJO
Mestizos;MASCULINO;0;22;8.165;25.8;0;0;BAJO
Mestizos;FEMENINO;0;20;8.8;4.1;0;0;ALTO
Mestizos;FEMENINO;1;22;8.68;41.7;0;0;ALTO
Mestizos;MASCULINO;0;22;8.36;34.8;0;0;BAJO
Mestizos;FEMENINO;0;22;8.825;28.4;0;0;ALTO
Mestizos;MASCULINO;0;24;8.17;4.7;0;0;BAJO
Mestizos;MASCULINO;0;22;8.965;8.5;0;0;ALTO
Mestizos;FEMENINO;0;20;8.685;3.6;0;0;ALTO
Mestizos;FEMENINO;0;29;8.835;23.1;0;0;ALTO
Mestizos;MASCULINO;0;24;8.205;1.8;0;0;BAJO
Mestizos;MASCULINO;0;21;8.61;1.4;0;0;ALTO
Mestizos;FEMENINO;0;21;8.92;43.4;0;0;ALTO
Mestizos;MASCULINO;0;21;8.965;20;0;0;ALTO
Mestizos;MASCULINO;0;22;8.97;34.1;0;0;ALTO
Mestizos;MASCULINO;0;21;8.41;7.6;0;0;BAJO
Mestizos;FEMENINO;0;23;8.225;35.3;0;0;BAJO
Mestizos;MASCULINO;3;50;9.49;30.3;0;0;ALTO
Mestizos;MASCULINO;0;39;9.465;21.4;0;0;ALTO
Mestizos;MASCULINO;3;40;9.515;23;0;0;ALTO
Mestizos;MASCULINO;0;21;8.44;15.9;0;0;BAJO
Mestizos;FEMENINO;3;37;9.145;36.2;0;0;ALTO
Mestizos;MASCULINO;0;22;8.85;34.1;0;0;ALTO
Mestizos;MASCULINO;1;32;9.25;19.1;0;0;ALTO
Mestizos;MASCULINO;2;34;8.945;45.9;0;0;ALTO
Mestizos;MASCULINO;0;25;9.575;39.3;0;0;ALTO
Mestizos;FEMENINO;0;21;8.895;27.2;0;0;ALTO
Mestizos;MASCULINO;0;21;8.445;43.1;0;0;BAJO
Montubio;MASCULINO;0;21;9.06;34.6;0;0;ALTO
Mestizos;FEMENINO;0;22;8.75;44;0;0;ALTO
Montubio;FEMENINO;0;23;9.22;16.5;0;0;ALTO
Mestizos;MASCULINO;0;31;9.685;37.3;0;0;ALTO
Mestizos;MASCULINO;0;20;8.23;17.1;0;0;BAJO
Mestizos;FEMENINO;0;22;9.38;47.5;0;0;ALTO
Mestizos;FEMENINO;0;21;9.19;9.6;0;0;ALTO
Mestizos;FEMENINO;1;30;9;11.8;0;0;ALTO
Mestizos;MASCULINO;0;21;8.82;49.7;0;0;ALTO
Mestizos;FEMENINO;0;21;8.795;25.3;0;0;ALTO
Mestizos;FEMENINO;0;21;8.915;41.3;0;0;ALTO
Mestizos;FEMENINO;0;31;8.86;37.6;0;0;ALTO
Mestizos;MASCULINO;0;30;9.035;48.2;0;0;ALTO
Mestizos;FEMENINO;0;25;9.06;7.9;0;0;ALTO
Mestizos;MASCULINO;0;23;9.745;37.8;0;0;ALTO
Mestizos;MASCULINO;0;22;9.545;42.8;0;0;ALTO
Mestizos;MASCULINO;0;22;8.52;6.1;0;0;ALTO
Mestizos;MASCULINO;0;24;8.88;8.1;0;0;ALTO
Mestizos;MASCULINO;99;25;8.895;33.9;0;0;ALTO
Mestizos;FEMENINO;0;24;9.84;14.5;0;0;ALTO
Mestizos;FEMENINO;1;23;8.91;20.7;0;0;ALTO
Mestizos;MASCULINO;1;27;8.915;1.7;0;0;ALTO
Mestizos;MASCULINO;0;24;8.83;19.3;0;0;ALTO
Mestizos;MASCULINO;0;26;8.54;16.4;0;0;ALTO
Mestizos;FEMENINO;0;21;8.77;31.9;0;0;ALTO
Mestizos;FEMENINO;0;22;8.585;34.3;0;0;ALTO
Mestizos;FEMENINO;0;21;8.87;15.6;0;0;ALTO
Mestizos;FEMENINO;0;21;9.38;13.9;0;0;ALTO
Mestizos;MASCULINO;0;20;9.105;42.7;0;0;ALTO
Mestizos;MASCULINO;0;22;8.235;40.5;0;0;BAJO
Mestizos;FEMENINO;0;24;9.525;27.3;0;0;ALTO
Mestizos;MASCULINO;0;24;8.725;8.7;0;0;ALTO
Mestizos;MASCULINO;0;21;8.34;45.7;0;0;BAJO
Mestizos;MASCULINO;0;26;9.035;21.4;0;0;ALTO
Mestizos;MASCULINO;0;23;8.18;47.5;0;0;BAJO
Mestizos;MASCULINO;0;21;9.235;41.8;0;0;ALTO
Mestizos;FEMENINO;0;25;8.405;15.7;0;0;BAJO
Negro;MASCULINO;0;20;8.99;41.2;0;0;ALTO
Mestizos;MASCULINO;0;27;9.005;34.3;0;0;ALTO
Mestizos;FEMENINO;1;25;8.325;8.6;0;0;BAJO
Mestizos;FEMENINO;0;24;8.95;43.7;0;0;ALTO
Mestizos;FEMENINO;0;25;8.605;43.8;0;0;ALTO
Mestizos;MASCULINO;0;22;8.725;2;0;0;ALTO
Mestizos;FEMENINO;0;22;8.86;42.3;0;0;ALTO
Mestizos;FEMENINO;0;21;9.15;43.5;0;0;ALTO
Mestizos;FEMENINO;0;22;8.655;10.8;0;0;ALTO
Mestizos;MASCULINO;1;25;9.62;47.6;0;0;ALTO
Montubio;MASCULINO;0;23;8.59;1.6;0;0;ALTO
Mestizos;FEMENINO;0;21;8.495;49.8;0;0;BAJO
Mestizos;MASCULINO;0;25;8.46;20.4;0;0;BAJO
Mestizos;FEMENINO;0;22;9.81;25.6;0;0;ALTO
Mestizos;MASCULINO;0;22;9.13;25.1;0;0;ALTO
Mestizos;MASCULINO;0;22;8.95;11.3;0;0;ALTO
AfroEcuatoriano;MASCULINO;0;22;9.11;13.3;0;0;ALTO
Mestizos;MASCULINO;0;22;8.905;17.4;0;0;ALTO
Mestizos;MASCULINO;0;23;8.97;19.9;0;0;ALTO
Mestizos;FEMENINO;1;22;9.17;24.1;0;0;ALTO
Mestizos;FEMENINO;0;22;8.87;15.1;0;0;ALTO
Mestizos;MASCULINO;0;22;8.29;32.4;0;0;BAJO
Mestizos;FEMENINO;0;22;8.815;40.4;0;0;ALTO
Mestizos;MASCULINO;1;23;7.945;43.4;0;0;BAJO
Mestizos;FEMENINO;0;22;9.155;48.1;0;0;ALTO
Mestizos;FEMENINO;0;21;8.815;31.1;0;0;ALTO
Mestizos;FEMENINO;0;22;8.37;45;0;0;BAJO
Mestizos;MASCULINO;0;22;9.275;40.8;0;0;ALTO
AfroEcuatoriano;MASCULINO;0;22;9.075;33.2;0;0;ALTO
Mestizos;MASCULINO;0;21;9.04;25.8;0;0;ALTO
Mestizos;MASCULINO;0;21;8.855;7.4;0;0;ALTO
Mestizos;FEMENINO;0;24;8.93;6.8;0;0;ALTO
Mestizos;FEMENINO;0;22;8.855;30.9;0;0;ALTO
Mestizos;MASCULINO;1;31;8.445;15;0;0;BAJO
Mestizos;FEMENINO;0;22;8.685;16.2;0;0;ALTO
Mestizos;MASCULINO;0;21;8.24;6.6;0;0;BAJO
Mestizos;MASCULINO;0;24;8.845;46.3;0;0;ALTO
Mestizos;FEMENINO;0;29;9.485;31.7;0;0;ALTO
Mestizos;MASCULINO;0;25;8.9;17.1;0;0;ALTO
Mestizos;MASCULINO;0;22;9.345;28.5;0;0;ALTO
Mestizos;MASCULINO;1;30;8.44;24.2;0;0;BAJO
Blancos;MASCULINO;0;25;8.23;49.1;0;0;BAJO
AfroEcuatoriano;MASCULINO;0;24;7.875;20.4;0;0;BAJO
Mestizos;MASCULINO;0;23;9.26;38.7;0;0;ALTO
Mestizos;MASCULINO;0;25;7.985;38.3;0;0;BAJO
Mestizos;MASCULINO;0;32;8.7;27.4;0;0;ALTO
Mestizos;FEMENINO;1;33;8.845;29.8;0;0;ALTO
Mestizos;MASCULINO;0;22;8.47;27.2;0;0;BAJO
Mestizos;MASCULINO;0;23;9.375;40.2;0;0;ALTO
Blancos;MASCULINO;0;23;7.895;20.6;0;0;BAJO
Mestizos;FEMENINO;3;34;8.29;38.5;0;0;BAJO
Mestizos;FEMENINO;0;34;9.22;44.5;0;0;ALTO
Mestizos;MASCULINO;0;23;8.5;33.9;0;0;BAJO
Mestizos;MASCULINO;0;23;8.65;24.6;0;0;ALTO
Mestizos;MASCULINO;0;23;8.605;20.8;0;0;ALTO
Mestizos;FEMENINO;0;21;8.555;46.2;0;0;ALTO
Blancos;MASCULINO;0;24;8.52;43.4;0;0;ALTO
Mestizos;MASCULINO;0;23;7.97;42.2;0;0;BAJO
Mestizos;MASCULINO;2;30;8.385;20.9;0;0;BAJO
Mestizos;MASCULINO;1;32;7.665;22.9;0;0;BAJO
Blancos;FEMENINO;0;22;8.91;5.2;0;0;ALTO
Mestizos;MASCULINO;0;23;7.985;41.2;0;0;BAJO
Mestizos;MASCULINO;0;24;8.255;41.6;0;0;BAJO
Mestizos;MASCULINO;0;26;7.72;45.2;0;0;BAJO
Mestizos;MASCULINO;0;23;7.82;44.2;0;0;BAJO
Mestizos;MASCULINO;0;21;8.16;26;0;0;BAJO
Mestizos;FEMENINO;0;23;8.08;49.7;0;0;BAJO
Mestizos;MASCULINO;0;23;8.365;48.7;0;0;BAJO
Blancos;MASCULINO;0;22;7.83;41.3;0;0;BAJO
Mestizos;MASCULINO;0;21;8.115;9.4;0;0;BAJO
Mestizos;MASCULINO;0;22;8.305;16.1;0;0;BAJO
Mestizos;FEMENINO;1;22;8.86;21.2;0;0;ALTO
Mestizos;MASCULINO;1;26;7.895;38.6;0;0;BAJO
Mestizos;MASCULINO;0;22;8.14;17.6;0;0;BAJO
Mestizos;MASCULINO;0;27;8.255;5.5;0;0;BAJO
Mestizos;FEMENINO;0;23;8.12;22.9;0;0;BAJO
Mestizos;FEMENINO;0;22;9.235;15.7;0;0;ALTO
Mestizos;MASCULINO;0;25;8.095;17.2;0;0;BAJO
Mestizos;FEMENINO;0;21;8.45;27.6;0;0;BAJO
Mestizos;FEMENINO;0;24;8.43;45.9;0;0;BAJO
Mestizos;FEMENINO;0;24;8.365;4;0;0;BAJO
Mestizos;FEMENINO;0;23;7.98;9.3;0;0;BAJO
Mestizos;FEMENINO;0;22;8.415;2.5;0;0;BAJO
Indígenas;FEMENINO;0;22;7.99;40.9;0;0;BAJO
Mestizos;MASCULINO;1;22;8.325;10.8;0;0;BAJO
Mestizos;FEMENINO;0;22;8.735;37.3;0;0;ALTO
Mestizos;FEMENINO;0;23;8.53;24.3;0;0;ALTO
Mestizos;MASCULINO;0;22;8.015;25.5;0;0;BAJO
AfroEcuatoriano;MASCULINO;0;22;8.965;27;0;0;ALTO
Mestizos;MASCULINO;0;22;8.775;13.1;0;0;ALTO
Mestizos;MASCULINO;0;23;8.3;44.7;0;0;BAJO
Mestizos;FEMENINO;0;22;8.305;42.4;0;0;BAJO
Mestizos;FEMENINO;0;24;8.15;46.2;0;0;BAJO
Mestizos;MASCULINO;2;22;7.865;8.4;0;0;BAJO
Mestizos;MASCULINO;0;23;8.435;6.3;0;0;BAJO
Mestizos;MASCULINO;0;23;8.44;19.5;0;0;BAJO
Mestizos;MASCULINO;0;22;8.765;21.2;0;0;ALTO
Mestizos;MASCULINO;2;27;8.215;5.8;0;0;BAJO
Mestizos;MASCULINO;0;23;8.155;45.2;0;0;BAJO
Mestizos;MASCULINO;0;22;7.535;3;0;0;BAJO
Mestizos;FEMENINO;0;22;8.285;31.6;0;0;BAJO
AfroEcuatoriano;MASCULINO;0;23;8.175;11;0;0;BAJO
Mestizos;MASCULINO;1;22;8.48;34.6;0;0;BAJO
Mestizos;MASCULINO;0;22;7.79;1.8;0;0;BAJO
Mestizos;MASCULINO;0;23;8.205;37.3;0;0;BAJO
Mestizos;MASCULINO;0;24;8.1;7.4;0;0;BAJO
Mestizos;FEMENINO;1;21;8;6.4;0;0;BAJO
Mestizos;FEMENINO;1;25;7.73;31.8;0;0;BAJO
Mestizos;MASCULINO;0;22;8.265;16.8;0;0;BAJO
Mestizos;MASCULINO;0;33;8.775;13.2;0;0;ALTO
Mestizos;FEMENINO;0;22;9.185;8.6;0;0;ALTO
Mestizos;FEMENINO;0;22;8.18;28.8;0;0;BAJO
Mestizos;MASCULINO;0;26;8.45;14.7;0;0;BAJO
Mestizos;MASCULINO;0;22;8.115;40.6;0;0;BAJO
Mestizos;MASCULINO;0;22;8.935;20.2;0;0;ALTO
Mestizos;FEMENINO;1;27;8.99;18.6;0;0;ALTO
AfroEcuatoriano;MASCULINO;0;22;8.005;35;0;0;BAJO
Mestizos;MASCULINO;0;22;7.985;38.1;0;0;BAJO
Mestizos;MASCULINO;0;22;8.635;22.7;0;0;ALTO
Mestizos;FEMENINO;1;22;8.525;28.4;0;0;ALTO
Mestizos;MASCULINO;0;22;8.2;31.6;0;0;BAJO
Mestizos;FEMENINO;0;22;8.62;6.2;0;0;ALTO
Mestizos;MASCULINO;0;22;8.285;49.4;0;0;BAJO
Mestizos;MASCULINO;0;22;8.185;36.1;0;0;BAJO
Mestizos;MASCULINO;0;23;8.79;14;0;0;ALTO
Mestizos;MASCULINO;0;24;8.37;28.3;0;0;BAJO
Mestizos;MASCULINO;0;21;8.73;41.5;0;0;ALTO
Mestizos;MASCULINO;0;21;8.435;30.9;0;0;BAJO
Mestizos;FEMENINO;1;27;7.905;31.1;0;0;BAJO
Mestizos;FEMENINO;0;22;7.815;18.6;0;0;BAJO
Mestizos;FEMENINO;0;22;9.28;45.6;0;0;ALTO
Mestizos;MASCULINO;0;22;8.16;47.5;0;0;BAJO
Mestizos;MASCULINO;0;22;8.64;1.2;0;0;ALTO
Mestizos;MASCULINO;0;24;8.145;19;0;0;BAJO
Mestizos;MASCULINO;1;24;8.04;5.2;0;0;BAJO
Mestizos;MASCULINO;0;23;8.115;10.4;0;0;BAJO
Mestizos;MASCULINO;0;24;8.58;25.3;0;0;ALTO
Mestizos;FEMENINO;0;23;8.065;8.9;0;0;BAJO
Mestizos;MASCULINO;0;23;8.045;27.4;0;0;BAJO
Mestizos;FEMENINO;0;22;8.56;45.2;0;0;ALTO
Mestizos;MASCULINO;0;22;8.44;13.5;0;0;BAJO
Mestizos;FEMENINO;0;22;8.405;48.1;0;0;BAJO
Mestizos;FEMENINO;1;21;8.13;16.7;0;0;BAJO
Mestizos;MASCULINO;0;22;8.625;28.2;0;0;ALTO
Mestizos;MASCULINO;0;22;8.025;4.9;0;0;BAJO
Mestizos;FEMENINO;0;22;8.28;30.3;0;0;BAJO
Mestizos;FEMENINO;0;21;8.56;46.2;0;0;ALTO
Mestizos;MASCULINO;0;22;8.365;31.8;0;0;BAJO
Mestizos;MASCULINO;0;23;7.775;6.4;0;0;BAJO
Mestizos;FEMENINO;0;21;9.115;12.5;0;0;ALTO
Mestizos;FEMENINO;0;25;8.155;3.8;0;0;BAJO
Mestizos;FEMENINO;0;23;7.84;43.2;0;0;BAJO
Mulato;MASCULINO;0;29;8.435;18.8;0;0;BAJO
Mestizos;FEMENINO;0;23;8.535;10.7;0;0;ALTO
Mestizos;MASCULINO;0;23;8.08;34.3;0;0;BAJO
Mestizos;FEMENINO;0;22;8.285;49.8;0;0;BAJO
Indígenas;MASCULINO;0;23;8.44;16.8;0;0;BAJO
Mestizos;MASCULINO;0;22;7.92;37.1;0;0;BAJO
Blancos;MASCULINO;0;23;8.115;28.3;0;0;BAJO
Mulato;FEMENINO;0;22;8.04;37.2;0;0;BAJO
Indígenas;MASCULINO;0;42;8.305;14.3;0;0;BAJO
Mestizos;MASCULINO;0;33;8.72;35.1;0;0;ALTO
Mestizos;MASCULINO;0;26;8.69;14.6;0;0;ALTO
Mestizos;MASCULINO;0;24;8.275;48.6;0;0;BAJO
Mestizos;FEMENINO;1;29;8.7;21.5;0;0;ALTO
Mestizos;MASCULINO;0;23;8.69;23;0;0;ALTO
Mestizos;MASCULINO;0;23;8.41;1.2;0;0;BAJO
Mestizos;MASCULINO;0;4;7.985;49.6;0;0;BAJO
Mestizos;FEMENINO;0;23;8.32;4.6;0;0;BAJO
Mestizos;MASCULINO;0;24;7.94;18.4;0;0;BAJO
Mestizos;MASCULINO;0;22;8.685;30.6;0;0;ALTO
Mestizos;FEMENINO;2;33;8.055;8.1;0;0;BAJO
Mestizos;MASCULINO;0;28;8.01;22.2;0;0;BAJO
Mestizos;FEMENINO;0;29;8.925;43.9;0;0;ALTO
Mestizos;FEMENINO;2;32;8.57;10.1;0;0;ALTO
Mestizos;FEMENINO;0;22;8.33;35.7;0;0;BAJO
Mestizos;FEMENINO;1;32;8.595;2.3;0;0;ALTO
Montubio;FEMENINO;0;21;8.525;42.4;0;0;ALTO
Mestizos;MASCULINO;0;22;7.835;19;0;0;BAJO
Mestizos;MASCULINO;0;22;8.26;13.3;0;0;BAJO
AfroEcuatoriano;MASCULINO;0;23;8.53;27.1;0;0;ALTO
Mestizos;MASCULINO;0;21;8.04;34.3;0;0;BAJO
Mestizos;FEMENINO;0;22;8.36;17.2;0;0;BAJO
Mestizos;FEMENINO;0;30;8.78;15.7;0;0;ALTO
Mestizos;FEMENINO;0;24;8.02;15.9;0;0;BAJO
Mestizos;MASCULINO;0;21;8.7;7.9;0;0;ALTO
Mestizos;FEMENINO;0;23;8.405;43.4;0;0;BAJO
Mestizos;FEMENINO;0;26;8.17;2.9;0;0;BAJO
Mestizos;MASCULINO;0;28;8.965;44;0;0;ALTO
Mestizos;MASCULINO;0;29;8.04;17.6;0;0;BAJO
Montubio;MASCULINO;0;4;8.66;44.2;0;0;ALTO
Mestizos;FEMENINO;0;22;8.55;6.1;0;0;ALTO
Mestizos;MASCULINO;0;22;8.35;9.5;0;0;BAJO
Blancos;FEMENINO;0;23;8.335;11;0;0;BAJO
AfroEcuatoriano;FEMENINO;0;24;8.345;38.4;0;0;BAJO
Mestizos;FEMENINO;1;22;8.315;23.9;0;0;BAJO
Mestizos;MASCULINO;0;22;7.91;26.8;0;0;BAJO
AfroEcuatoriano;MASCULINO;1;23;8.22;4.3;0;0;BAJO
Mestizos;MASCULINO;0;26;8.265;32.3;0;0;BAJO
Mestizos;MASCULINO;1;29;8.595;14.3;0;0;ALTO
Mestizos;MASCULINO;0;28;8.15;36.2;0;0;BAJO
Mestizos;MASCULINO;0;24;8.445;8.2;0;0;BAJO
Mestizos;MASCULINO;0;23;8.27;43.5;0;0;BAJO
Mestizos;MASCULINO;0;28;8.42;16;0;0;BAJO
Mestizos;FEMENINO;0;22;8.675;1;0;0;ALTO
Mestizos;MASCULINO;0;23;8.45;11.6;0;0;BAJO
Blancos;MASCULINO;0;22;8.55;8.8;0;0;ALTO
Mestizos;MASCULINO;0;23;8.07;49.4;0;0;BAJO
Mestizos;FEMENINO;0;23;9.005;45.1;0;0;ALTO
Mestizos;MASCULINO;0;21;9.05;29.4;0;0;ALTO
Mestizos;MASCULINO;0;22;8.315;29.1;0;0;BAJO
Mestizos;FEMENINO;0;22;8.08;16.5;0;0;BAJO
Mestizos;FEMENINO;0;22;8.64;33.9;0;0;ALTO
Mestizos;FEMENINO;0;22;8.645;7.1;0;0;ALTO
Mestizos;FEMENINO;0;23;8.67;13.2;0;0;ALTO
Mestizos;MASCULINO;0;22;8.31;46.3;0;0;BAJO
Mestizos;MASCULINO;0;23;8.415;37.4;0;0;BAJO
Mestizos;FEMENINO;1;23;8.115;30.6;0;0;BAJO
Mestizos;MASCULINO;0;22;8.125;30.2;0;0;BAJO
Mestizos;FEMENINO;0;22;8.9;2.9;0;0;ALTO
Mestizos;MASCULINO;0;22;7.91;41.3;0;0;BAJO
Mestizos;FEMENINO;0;22;8.65;34.5;0;0;ALTO
Mestizos;FEMENINO;0;22;8.51;5.8;0;0;ALTO
AfroEcuatoriano;MASCULINO;0;23;7.65;17.1;0;0;BAJO
Mestizos;MASCULINO;0;26;8.51;8.1;0;0;ALTO
Mestizos;MASCULINO;0;22;8.06;24.4;0;0;BAJO
Mestizos;MASCULINO;0;22;8.815;17.2;0;0;ALTO
Mestizos;FEMENINO;0;22;8.68;13.4;0;0;ALTO
Mestizos;MASCULINO;0;22;8.41;44.5;0;0;BAJO
Mestizos;MASCULINO;0;22;7.95;19.7;0;0;BAJO
Mestizos;MASCULINO;0;21;8.29;6.5;0;0;BAJO
Mestizos;MASCULINO;0;22;8.275;43;0;0;BAJO
AfroEcuatoriano;MASCULINO;0;22;8.305;35.6;0;0;BAJO
Mestizos;MASCULINO;0;23;9.03;5.7;0;0;ALTO
Mestizos;MASCULINO;0;23;8.69;16;0;0;ALTO
Blancos;FEMENINO;0;22;8.21;6.8;0;0;BAJO
Mestizos;MASCULINO;0;22;8.49;1.9;0;0;BAJO
Mestizos;MASCULINO;0;22;8.69;41.9;0;0;ALTO
Mestizos;FEMENINO;0;22;8.9;43.1;0;0;ALTO
Mestizos;MASCULINO;0;24;8.83;31.1;0;0;ALTO
Blancos;MASCULINO;0;22;7.58;48.6;0;0;BAJO
Blancos;MASCULINO;0;23;8.84;17.4;0;0;ALTO
Mestizos;MASCULINO;0;22;8.265;20.5;0;0;BAJO
Blancos;MASCULINO;0;22;8.645;33.4;0;0;ALTO
Mestizos;FEMENINO;0;22;9.25;35.5;0;0;ALTO
Mestizos;MASCULINO;0;22;8.49;44.5;0;0;BAJO
Mestizos;MASCULINO;0;22;8.295;39.3;0;0;BAJO
Mestizos;FEMENINO;1;21;8.7;49.3;0;0;ALTO
Mestizos;FEMENINO;0;27;8.185;44.2;0;0;BAJO
Blancos;MASCULINO;0;22;7.81;23.6;0;0;BAJO
Mestizos;MASCULINO;0;22;7.745;48.2;0;0;BAJO
Mestizos;MASCULINO;0;22;8.685;21.3;0;0;ALTO
Mestizos;FEMENINO;0;25;8.495;34;0;0;BAJO
Blancos;MASCULINO;0;25;8.635;5.2;0;0;ALTO
Mestizos;FEMENINO;1;24;8.225;16.5;0;0;BAJO
Mestizos;MASCULINO;0;24;8.49;47.5;0;0;BAJO
Mestizos;MASCULINO;0;22;9.245;28;0;0;ALTO
Mestizos;MASCULINO;0;22;8.42;19.3;0;0;BAJO
Mestizos;FEMENINO;0;22;8.42;4;0;0;BAJO
Mestizos;MASCULINO;0;22;9.195;4;0;0;ALTO
Mestizos;MASCULINO;0;26;8.455;15.9;0;0;BAJO
Mestizos;FEMENINO;0;22;8.4;26.5;0;0;BAJO
AfroEcuatoriano;MASCULINO;0;22;9.24;8.1;0;0;ALTO
Mestizos;MASCULINO;0;22;8.48;22.4;0;0;BAJO
Mestizos;FEMENINO;0;22;8.545;48;0;0;ALTO
Mestizos;FEMENINO;0;23;8.775;47.6;0;0;ALTO
Blancos;FEMENINO;0;22;8.435;27.3;0;0;BAJO
Mestizos;MASCULINO;0;22;8.205;28.7;0;0;BAJO
Mestizos;MASCULINO;0;22;8.14;15.6;0;0;BAJO
Mestizos;FEMENINO;0;22;9.235;16.2;0;0;ALTO
Mestizos;MASCULINO;0;22;8.69;31.7;0;0;ALTO
Mestizos;MASCULINO;0;21;7.69;21.2;0;0;BAJO
Mestizos;FEMENINO;0;22;8.47;45.6;0;0;BAJO
Mestizos;MASCULINO;0;22;7.99;5.4;0;0;BAJO
Mestizos;FEMENINO;0;22;8.77;20.4;0;0;ALTO
Mestizos;MASCULINO;0;23;8.58;40.3;0;0;ALTO
Mestizos;MASCULINO;0;23;8.56;3.4;0;0;ALTO
Mestizos;MASCULINO;0;22;8.215;43;0;0;BAJO
Mestizos;MASCULINO;0;23;8.575;29.1;0;0;ALTO
Mestizos;MASCULINO;0;22;8.215;17.3;0;0;BAJO
Mestizos;MASCULINO;0;22;8.245;17.1;0;0;BAJO
Mestizos;FEMENINO;0;23;8.31;16;0;0;BAJO
Mestizos;MASCULINO;0;22;8.185;45.7;0;0;BAJO
Mestizos;FEMENINO;0;23;8.31;21.7;0;0;BAJO
Mestizos;MASCULINO;0;22;8.42;41.2;0;0;BAJO
Mestizos;FEMENINO;0;23;8.235;45;0;0;BAJO
Mestizos;FEMENINO;0;22;8.545;24.3;0;0;ALTO
Mestizos;FEMENINO;0;22;8.815;47.7;0;0;ALTO
Mestizos;MASCULINO;0;22;8.27;5.4;0;0;BAJO
Mestizos;MASCULINO;0;23;8.32;37.4;0;0;BAJO
Mestizos;MASCULINO;0;22;8.475;11.5;0;0;BAJO
Mestizos;FEMENINO;0;22;8.895;44.3;0;0;ALTO
Mestizos;FEMENINO;0;23;8.29;2.2;0;0;BAJO
Mestizos;MASCULINO;0;21;7.995;2.2;0;0;BAJO
Mestizos;MASCULINO;0;23;8.365;45.8;0;0;BAJO
Mestizos;MASCULINO;0;22;7.97;30.9;0;0;BAJO
Mestizos;MASCULINO;0;24;8.59;32.4;0;0;ALTO
Mestizos;MASCULINO;0;22;8.6;41.6;0;0;ALTO
AfroEcuatoriano;FEMENINO;0;23;8.54;38.7;0;0;ALTO
Blancos;MASCULINO;0;22;8.31;38.9;0;0;BAJO
Blancos;MASCULINO;0;24;7.805;43.1;0;0;BAJO
Mestizos;MASCULINO;0;23;8.435;37.3;0;0;BAJO
Mestizos;FEMENINO;0;22;8.37;36.2;0;0;BAJO
Mestizos;FEMENINO;0;22;8.72;19.9;0;0;ALTO
Mestizos;MASCULINO;0;22;8.98;47;0;0;ALTO
Mestizos;FEMENINO;0;4;8.625;16.2;0;0;ALTO
Mestizos;FEMENINO;0;23;8.515;13.5;0;0;ALTO
Mestizos;MASCULINO;0;22;7.915;1.1;0;0;BAJO
Mestizos;MASCULINO;0;24;8.965;26.2;0;0;ALTO
Mestizos;MASCULINO;0;22;8.845;35;0;0;ALTO
Mestizos;FEMENINO;0;22;8.445;44.7;0;0;BAJO
Mestizos;FEMENINO;0;26;9.525;41.9;0;0;ALTO
Mestizos;MASCULINO;0;22;7.96;6.1;0;0;BAJO
Mestizos;MASCULINO;0;23;7.915;31.1;0;0;BAJO
Mestizos;MASCULINO;0;22;8.16;33.3;0;0;BAJO
Mestizos;FEMENINO;0;22;7.995;7.9;0;0;BAJO
Mestizos;MASCULINO;0;24;8.575;30.4;0;0;ALTO
Mestizos;MASCULINO;0;23;8.06;41.8;0;0;BAJO
Mestizos;FEMENINO;0;22;8.73;1.8;0;0;ALTO
Mestizos;FEMENINO;0;24;9.29;13.1;0;0;ALTO
Mestizos;FEMENINO;0;23;9.245;19.6;0;0;ALTO
Mestizos;FEMENINO;2;48;9.29;26.9;0;0;ALTO
Mulato;MASCULINO;1;35;9.05;6.9;0;0;ALTO
Mestizos;FEMENINO;3;33;8.71;37.2;0;0;ALTO
Mestizos;MASCULINO;0;23;8.465;8.5;0;0;BAJO
Mestizos;MASCULINO;0;29;8.61;8.8;0;0;ALTO
Mestizos;FEMENINO;0;23;8.605;34;0;0;ALTO
Mestizos;FEMENINO;0;22;9.755;32.5;0;0;ALTO
Mestizos;FEMENINO;0;24;8.275;2;0;0;BAJO
Mestizos;FEMENINO;4;39;9.295;43.7;0;0;ALTO
Mestizos;MASCULINO;2;31;9.38;16;0;0;ALTO
Mestizos;FEMENINO;0;23;9.345;43.5;0;0;ALTO
Mestizos;MASCULINO;2;35;8.845;37.3;0;0;ALTO
Mestizos;MASCULINO;0;25;9.775;6.1;0;0;ALTO
Mestizos;FEMENINO;0;34;9.46;48.1;0;0;ALTO
Mestizos;MASCULINO;0;30;9.48;23.6;0;0;ALTO
Mestizos;MASCULINO;0;26;9.76;13;0;0;ALTO
Mestizos;MASCULINO;0;23;8.875;12.8;0;0;ALTO
Montubio;MASCULINO;0;27;8.95;47.8;0;0;ALTO
Mestizos;MASCULINO;0;23;8.325;46.3;0;0;BAJO
Mestizos;FEMENINO;0;22;8.75;13.4;0;0;ALTO
Mestizos;MASCULINO;3;32;8.855;26.9;0;0;ALTO
Mestizos;MASCULINO;0;26;8.615;30.9;0;0;ALTO
Mestizos;FEMENINO;4;30;9.395;27.9;0;0;ALTO
Mestizos;MASCULINO;0;22;8.995;44;0;0;ALTO
Montubio;MASCULINO;0;25;8.805;33;0;0;ALTO
Mestizos;FEMENINO;0;23;9.35;13.6;0;0;ALTO
Mestizos;MASCULINO;1;30;9.41;1.2;0;0;ALTO
Blancos;FEMENINO;0;28;9.145;17.2;0;0;ALTO
Mestizos;MASCULINO;0;26;8.645;41.7;0;0;ALTO
Montubio;FEMENINO;0;23;9.13;29.7;0;0;ALTO
Mestizos;FEMENINO;0;25;9.005;36;0;0;ALTO
Mestizos;MASCULINO;0;25;9.37;7.6;0;0;ALTO
Mestizos;MASCULINO;0;24;9.005;16.5;0;0;ALTO
Mestizos;MASCULINO;0;24;8.57;20.2;0;0;ALTO
Mestizos;MASCULINO;0;25;9.05;42;0;0;ALTO
Mestizos;FEMENINO;1;24;8.91;40.2;0;0;ALTO
Mestizos;MASCULINO;0;28;9.05;36.9;0;0;ALTO
Mestizos;MASCULINO;0;23;9.79;17.9;0;0;ALTO
Mestizos;MASCULINO;0;23;8.11;14.3;0;0;BAJO
Mestizos;MASCULINO;0;24;9;23.1;0;0;ALTO
Mestizos;FEMENINO;0;22;9.7;21.6;0;0;ALTO
Mestizos;MASCULINO;0;22;8.885;19.9;0;0;ALTO
Mestizos;MASCULINO;0;24;8.445;3.3;0;0;BAJO
Mestizos;MASCULINO;0;24;9.675;43.6;0;0;ALTO
Mestizos;MASCULINO;0;25;8.85;42;0;0;ALTO
Montubio;MASCULINO;0;24;8.205;8.6;0;0;BAJO
Mestizos;MASCULINO;0;23;8.215;39;0;0;BAJO
Mestizos;MASCULINO;0;23;9.135;35.3;0;0;ALTO
Mestizos;MASCULINO;0;23;9.385;40;0;0;ALTO
Montubio;FEMENINO;1;25;9.145;14.8;0;0;ALTO
Mestizos;MASCULINO;1;25;8.195;24.8;0;0;BAJO
Mestizos;MASCULINO;0;24;8.64;37.2;0;0;ALTO
Blancos;FEMENINO;0;22;8.315;1.5;0;0;BAJO
Mestizos;MASCULINO;0;24;9.065;13.4;0;0;ALTO
Mestizos;FEMENINO;1;23;8.645;45.5;0;0;ALTO
Mestizos;MASCULINO;0;24;8.315;29.6;0;0;BAJO
Mestizos;FEMENINO;0;24;8.37;16.2;0;0;BAJO
Mestizos;FEMENINO;0;27;9.07;25.1;0;0;ALTO
Montubio;MASCULINO;0;24;7.685;45.1;0;0;BAJO
Mestizos;MASCULINO;0;24;8.245;20.4;0;0;BAJO
Mestizos;MASCULINO;0;27;8.095;39.9;0;0;BAJO
Mestizos;FEMENINO;0;23;9.165;7.5;0;0;ALTO
Blancos;MASCULINO;0;23;8.775;11.4;0;0;ALTO
Mestizos;FEMENINO;0;24;8.98;38.7;0;0;ALTO
Mestizos;MASCULINO;0;28;9.155;14;0;0;ALTO
Mestizos;MASCULINO;0;27;9.265;40.5;0;0;ALTO
Mestizos;FEMENINO;0;23;9.365;42.8;0;0;ALTO
Mestizos;FEMENINO;0;22;9.3;37.7;0;0;ALTO
Mulato;MASCULINO;0;23;8.515;17.1;0;0;ALTO
Mestizos;FEMENINO;1;24;8.94;2;0;0;ALTO
Mestizos;MASCULINO;0;23;8.875;10.9;0;0;ALTO
Mestizos;MASCULINO;0;26;8.865;8.8;0;0;ALTO
Mestizos;FEMENINO;0;24;9.695;46.3;0;0;ALTO
Mestizos;FEMENINO;0;22;8.96;31.5;0;0;ALTO
Mestizos;MASCULINO;0;26;8.805;21.1;0;0;ALTO
Mestizos;FEMENINO;1;22;9.525;20.9;0;0;ALTO
Mestizos;MASCULINO;0;27;8.295;12;0;0;BAJO
Mestizos;MASCULINO;0;26;9.185;47.9;0;0;ALTO
Mestizos;FEMENINO;0;22;8.515;27;0;0;ALTO
Mestizos;MASCULINO;0;23;7.875;19.1;0;0;BAJO
Mestizos;FEMENINO;0;22;8.295;28.7;0;0;BAJO
Mestizos;MASCULINO;1;26;8.485;38.9;0;0;BAJO
Mestizos;FEMENINO;0;27;8.295;16.3;0;0;BAJO
Mestizos;FEMENINO;0;23;9.135;46.6;0;0;ALTO
Mestizos;FEMENINO;0;23;8.855;10.2;0;0;ALTO
Mestizos;FEMENINO;0;24;8.11;7.7;0;0;BAJO
Mestizos;MASCULINO;0;25;8.855;20.4;0;0;ALTO
Mestizos;MASCULINO;0;24;7.89;3.6;0;0;BAJO
Blancos;MASCULINO;0;23;7.705;44.4;0;0;BAJO
Mestizos;FEMENINO;2;24;8.355;47.8;0;0;BAJO
Mestizos;MASCULINO;0;22;7.39;14.6;0;0;BAJO
Mestizos;FEMENINO;0;23;7.905;47.4;0;0;BAJO
Mestizos;FEMENINO;1;26;9.15;24.7;0;0;ALTO
Mestizos;FEMENINO;0;22;7.56;20.5;0;0;BAJO
Mestizos;FEMENINO;0;23;9.54;34.3;0;0;ALTO
Mestizos;MASCULINO;1;24;8.345;6.8;0;0;BAJO
Mestizos;FEMENINO;0;23;8.33;1.5;0;0;BAJO
Mestizos;FEMENINO;0;25;9.04;24.1;0;0;ALTO
Mestizos;FEMENINO;0;24;8.365;17.5;0;0;BAJO
Mestizos;MASCULINO;0;25;7.82;12.1;0;0;BAJO
Mestizos;FEMENINO;0;23;9.06;45.5;0;0;ALTO
Mestizos;MASCULINO;0;23;8.61;6.3;0;0;ALTO
Mestizos;MASCULINO;0;24;8.805;43.1;0;0;ALTO
Mestizos;MASCULINO;0;26;9;11.8;0;0;ALTO
Mestizos;FEMENINO;0;23;8.855;36.3;0;0;ALTO
Mestizos;FEMENINO;1;22;7.67;36.3;0;0;BAJO
Mestizos;MASCULINO;0;27;8.715;27;0;0;ALTO
Mestizos;MASCULINO;0;24;9.12;23.3;0;0;ALTO
Mestizos;MASCULINO;0;23;8.26;19.6;0;0;BAJO
Mestizos;MASCULINO;0;23;9.205;41.3;0;0;ALTO
Mestizos;FEMENINO;0;24;8.68;8;0;0;ALTO
Mestizos;FEMENINO;1;23;9;34.1;0;0;ALTO
Blancos;MASCULINO;0;23;8.415;14.3;0;0;BAJO
Mestizos;MASCULINO;1;24;8.99;35.4;0;0;ALTO
Mestizos;FEMENINO;0;23;8.455;13.5;0;0;BAJO
Mestizos;FEMENINO;0;23;8.995;21.9;0;0;ALTO
Mestizos;FEMENINO;0;22;8.355;37.4;0;0;BAJO
Mestizos;MASCULINO;0;26;8.305;49.3;0;0;BAJO
Mestizos;MASCULINO;0;23;8.62;25.2;0;0;ALTO
Mestizos;MASCULINO;0;25;8.64;22.9;0;0;ALTO
Mestizos;MASCULINO;1;23;7.855;10;0;0;BAJO
Mestizos;MASCULINO;0;24;8.48;40.7;0;0;BAJO
Mestizos;MASCULINO;0;23;9.215;8.4;0;0;ALTO
Blancos;FEMENINO;0;24;9.285;41.7;0;0;ALTO
Mestizos;FEMENINO;0;23;9.24;12.5;0;0;ALTO
Mestizos;FEMENINO;1;23;8.77;20.9;0;0;ALTO
Mestizos;MASCULINO;0;22;9.465;5.7;0;0;ALTO
Mestizos;MASCULINO;0;23;8.31;19.3;0;0;BAJO
Mestizos;FEMENINO;1;22;8.545;37.5;0;0;ALTO
Montubio;MASCULINO;0;23;8.045;28.2;0;0;BAJO
Mestizos;FEMENINO;0;24;9.25;48.7;0;0;ALTO
Mestizos;MASCULINO;1;31;8.575;25.5;0;0;ALTO
Mestizos;MASCULINO;0;25;9.05;7.3;0;0;ALTO
Mulato;MASCULINO;0;24;8.13;24.6;0;0;BAJO
Mestizos;MASCULINO;0;26;9.71;48.1;0;0;ALTO
AfroEcuatoriano;MASCULINO;0;25;8.885;28.6;0;0;ALTO
Mestizos;MASCULINO;0;26;9.925;48;0;0;ALTO
Mestizos;FEMENINO;0;22;9.24;23.5;1;1;ALTO
Mestizos;FEMENINO;0;55;9.55;2.4;1;1;ALTO
Blancos;MASCULINO;3;48;9.665;39.7;1;1;ALTO
Mestizos;MASCULINO;2;32;8.47;12.7;1;1;BAJO
Mestizos;FEMENINO;3;48;9.185;35.4;1;1;ALTO
Mestizos;MASCULINO;0;41;9.675;41.7;1;1;ALTO
Mestizos;MASCULINO;1;41;8.99;43.6;1;1;ALTO
Mestizos;FEMENINO;3;42;8.58;18.9;1;1;ALTO
Mestizos;MASCULINO;0;35;9.365;20.9;1;1;ALTO
Mestizos;MASCULINO;2;34;9.44;47.3;1;1;ALTO
Mestizos;FEMENINO;2;42;9.415;41.1;1;1;ALTO
Mestizos;FEMENINO;2;40;9.475;30.2;1;1;ALTO
Mestizos;FEMENINO;2;37;9.68;44.5;1;1;ALTO
Mestizos;FEMENINO;2;27;9.605;18.4;1;1;ALTO
Mestizos;MASCULINO;0;38;8.36;32.5;1;1;BAJO
Mestizos;MASCULINO;0;30;9.03;48.3;1;1;ALTO
Mestizos;MASCULINO;0;29;9.59;2.6;1;1;ALTO
Mestizos;MASCULINO;0;29;8.88;46.6;1;1;ALTO
Mestizos;MASCULINO;1;31;8.73;36.4;1;1;ALTO
Mestizos;FEMENINO;3;32;9.27;2.5;1;1;ALTO
Blancos;FEMENINO;0;23;9.445;11;1;1;ALTO
Mestizos;FEMENINO;1;35;9.52;14.4;1;1;ALTO
Mestizos;FEMENINO;3;27;9.35;14.9;1;1;ALTO
Mestizos;FEMENINO;0;22;8.335;19.5;1;1;BAJO
Blancos;MASCULINO;0;31;8.02;28.3;1;1;BAJO
Mestizos;MASCULINO;0;22;8.625;13.2;1;1;ALTO
Mestizos;MASCULINO;0;24;8.74;12.3;1;1;ALTO
Mestizos;FEMENINO;0;21;9.345;31.6;1;1;ALTO
Mestizos;MASCULINO;0;20;9.2;46;1;1;ALTO
Mestizos;FEMENINO;0;21;9.415;15.4;1;1;ALTO
AfroEcuatoriano;FEMENINO;0;21;9.64;44.3;1;1;ALTO
Mestizos;MASCULINO;0;21;8.775;8.1;1;1;ALTO
Mestizos;MASCULINO;0;23;8.705;26;1;1;ALTO
Mestizos;MASCULINO;0;21;9.59;30.9;1;1;ALTO
Mestizos;MASCULINO;0;22;9.59;1.4;1;1;ALTO
Mestizos;MASCULINO;0;21;9.64;46.7;1;1;ALTO
Mestizos;FEMENINO;0;22;9.61;35.9;1;1;ALTO
Mestizos;MASCULINO;0;24;8.505;47.1;1;1;ALTO
Blancos;MASCULINO;0;22;9.14;49.5;1;1;ALTO
Mestizos;FEMENINO;0;28;9.72;28.5;1;1;ALTO
Mestizos;MASCULINO;0;25;8.44;41;1;1;BAJO
Mestizos;MASCULINO;0;28;9.295;12.2;1;1;ALTO
Mestizos;MASCULINO;0;22;9.54;9.6;1;1;ALTO
Mestizos;MASCULINO;0;20;9.415;18.1;1;1;ALTO
Mestizos;MASCULINO;0;22;7.87;40.7;1;1;BAJO
Mestizos;MASCULINO;0;22;9.565;18.7;1;1;ALTO
Mestizos;FEMENINO;0;28;9.385;38.8;1;1;ALTO
Mestizos;MASCULINO;0;21;7.795;26.3;1;1;BAJO
Mestizos;MASCULINO;0;23;8.345;35.4;1;1;BAJO
Mestizos;MASCULINO;0;21;8.56;31.7;1;1;ALTO
Mestizos;MASCULINO;0;20;7.85;37.5;1;1;BAJO
Mestizos;MASCULINO;0;21;9.015;33;1;1;ALTO
Mestizos;MASCULINO;0;22;8.69;6.6;1;1;ALTO
Mestizos;FEMENINO;0;23;9.105;28.6;1;1;ALTO
Mestizos;MASCULINO;0;21;8.895;26.2;1;1;ALTO
Mestizos;MASCULINO;0;21;9.585;35.7;1;1;ALTO
Mestizos;FEMENINO;0;22;9.715;40.9;1;1;ALTO
Mestizos;MASCULINO;0;21;8.46;26.1;1;1;BAJO
Mestizos;MASCULINO;0;22;9.14;15.2;1;1;ALTO
Mestizos;MASCULINO;0;23;8.64;22.2;1;1;ALTO
Mestizos;MASCULINO;1;29;8.455;5.9;1;1;BAJO
Mestizos;FEMENINO;0;22;9.39;6.4;1;1;ALTO
Mestizos;FEMENINO;0;22;8.6;5.2;1;1;ALTO
Indígenas;FEMENINO;1;30;9.16;25;1;1;ALTO
Mestizos;MASCULINO;0;21;9.175;26.1;1;1;ALTO
Mestizos;FEMENINO;0;25;9.16;32.3;1;1;ALTO
Mestizos;FEMENINO;0;22;9.42;19.3;1;1;ALTO
Mestizos;MASCULINO;0;22;8.36;10.4;1;1;BAJO
Mestizos;FEMENINO;0;27;9.745;18.9;1;1;ALTO
Mestizos;MASCULINO;0;21;9.495;2.3;1;1;ALTO
Mestizos;MASCULINO;0;22;9.58;47;1;1;ALTO
Mulato;FEMENINO;0;21;8.685;46.7;1;1;ALTO
Blancos;MASCULINO;0;24;9.315;38.7;1;1;ALTO
Mestizos;MASCULINO;0;25;9.03;18.3;1;1;ALTO
Mestizos;MASCULINO;3;26;9.56;26.4;1;1;ALTO
Mestizos;FEMENINO;1;22;8.985;9.9;1;1;ALTO
Mestizos;FEMENINO;0;21;9.17;46.4;1;1;ALTO
Mestizos;MASCULINO;0;21;8.65;38.5;1;1;ALTO
Mestizos;MASCULINO;0;20;8.68;5.9;1;1;ALTO
Mestizos;MASCULINO;0;21;9.43;10.6;1;1;ALTO
Mestizos;FEMENINO;1;22;8.59;37.9;1;1;ALTO
Mestizos;FEMENINO;1;22;9.41;4.9;1;1;ALTO
Mestizos;FEMENINO;0;21;9.655;13.7;1;1;ALTO
Montubio;FEMENINO;0;24;8.485;47.4;1;1;BAJO
Mestizos;MASCULINO;0;22;9.62;12.3;1;1;ALTO
Mestizos;FEMENINO;1;22;9.005;24.7;1;1;ALTO
Mestizos;FEMENINO;0;21;9.785;31.5;1;1;ALTO
Mestizos;FEMENINO;0;22;8.995;46.1;1;1;ALTO
Mestizos;FEMENINO;0;26;9.43;25.4;1;1;ALTO
Mestizos;FEMENINO;0;22;9.26;27.2;1;1;ALTO
Mulato;FEMENINO;0;21;9.16;43.5;1;1;ALTO
Mestizos;FEMENINO;0;22;9.76;16.3;1;1;ALTO
Mestizos;FEMENINO;0;21;8.595;33.7;1;1;ALTO
Mestizos;MASCULINO;0;23;9.605;21;1;1;ALTO
Mestizos;MASCULINO;1;21;8.17;5.6;1;1;BAJO
Mestizos;MASCULINO;0;24;8.585;12.7;1;1;ALTO
Mestizos;FEMENINO;0;22;9.625;17;1;1;ALTO
Mestizos;FEMENINO;0;23;9.735;21.3;1;1;ALTO
Mestizos;FEMENINO;1;24;9.395;32.2;1;1;ALTO
Mestizos;FEMENINO;0;25;9.675;45.6;1;1;ALTO
Mestizos;FEMENINO;0;21;9.395;8.1;1;1;ALTO
Mestizos;FEMENINO;0;24;8.365;47.9;1;1;BAJO
Mestizos;MASCULINO;0;22;9.28;42.4;1;1;ALTO
Mestizos;FEMENINO;0;20;9.44;7.3;1;1;ALTO
Mestizos;FEMENINO;1;22;9.285;13.9;1;1;ALTO
Mestizos;MASCULINO;0;22;9.405;27;1;1;ALTO
Mestizos;FEMENINO;0;22;9.625;41.6;1;1;ALTO
Mestizos;MASCULINO;0;24;9.07;5.9;1;1;ALTO
Mestizos;MASCULINO;0;22;9.585;28.7;1;1;ALTO
Mestizos;FEMENINO;0;20;9.705;7.9;1;1;ALTO
Mestizos;FEMENINO;0;29;9.11;33.5;1;1;ALTO
Mestizos;MASCULINO;0;24;9.12;12.8;1;1;ALTO
Mestizos;MASCULINO;0;21;7.57;40.4;1;1;BAJO
Mestizos;FEMENINO;0;21;8.48;20.8;1;1;BAJO
Mestizos;MASCULINO;0;21;8.905;48.5;1;1;ALTO
Mestizos;MASCULINO;0;22;9.11;17.7;1;1;ALTO
Mestizos;MASCULINO;0;21;9.36;27.6;1;1;ALTO
Mestizos;FEMENINO;0;23;9.175;26.3;1;1;ALTO
Mestizos;MASCULINO;3;50;9.58;28.6;1;1;ALTO
Mestizos;MASCULINO;0;39;9.74;33.3;1;1;ALTO
Mestizos;MASCULINO;3;40;9.69;3.3;1;1;ALTO
Mestizos;MASCULINO;0;21;8.38;11.4;1;1;BAJO
Mestizos;FEMENINO;3;37;9.48;25;1;1;ALTO
Mestizos;MASCULINO;0;22;9.2;34.7;1;1;ALTO
Mestizos;MASCULINO;1;32;9.325;35.5;1;1;ALTO
Mestizos;MASCULINO;2;34;8.8;5.8;1;1;ALTO
Mestizos;MASCULINO;0;25;9.47;32.8;1;1;ALTO
Mestizos;FEMENINO;0;21;9.41;49.2;1;1;ALTO
Mestizos;MASCULINO;0;21;8.03;24.2;1;1;BAJO
Montubio;MASCULINO;0;21;9.44;12;1;1;ALTO
Mestizos;FEMENINO;0;22;8.63;19.7;1;1;ALTO
Montubio;FEMENINO;0;23;9.28;15.1;1;1;ALTO
Mestizos;MASCULINO;0;31;9.33;34.5;1;1;ALTO
Mestizos;MASCULINO;0;20;7.97;12.1;1;1;BAJO
Mestizos;FEMENINO;0;22;9.575;23.4;1;1;ALTO
Mestizos;FEMENINO;0;21;9.44;21;1;1;ALTO
Mestizos;FEMENINO;1;30;9.095;15.3;1;1;ALTO
Mestizos;MASCULINO;0;21;8.63;9.8;1;1;ALTO
Mestizos;FEMENINO;0;21;9.17;46.3;1;1;ALTO
Mestizos;FEMENINO;0;21;9.135;28.3;1;1;ALTO
Mestizos;FEMENINO;0;31;8.845;39;1;1;ALTO
Mestizos;MASCULINO;0;30;9.25;35.7;1;1;ALTO
Mestizos;FEMENINO;0;25;8.925;30.1;1;1;ALTO
Mestizos;MASCULINO;0;23;9.63;6.1;1;1;ALTO
Mestizos;MASCULINO;0;22;9.405;7.1;1;1;ALTO
Mestizos;MASCULINO;0;22;8.75;16.1;1;1;ALTO
Mestizos;MASCULINO;0;24;9.155;13.6;1;1;ALTO
Mestizos;MASCULINO;99;25;9.19;38.9;1;1;ALTO
Mestizos;FEMENINO;0;24;9.795;37.1;1;1;ALTO
Mestizos;FEMENINO;1;23;9.225;27.9;1;1;ALTO
Mestizos;MASCULINO;1;27;8.255;44.7;1;1;BAJO
Mestizos;MASCULINO;0;24;9.285;30.9;1;1;ALTO
Mestizos;MASCULINO;0;26;9.185;9.7;1;1;ALTO
Mestizos;FEMENINO;0;21;8.685;33.1;1;1;ALTO
Mestizos;FEMENINO;0;22;8.815;33.9;1;1;ALTO
Mestizos;FEMENINO;0;21;9.04;8.1;1;1;ALTO
Mestizos;FEMENINO;0;21;9.34;26.1;1;1;ALTO
Mestizos;MASCULINO;0;20;8.655;33.2;1;1;ALTO
Mestizos;MASCULINO;0;22;8.055;27.5;1;1;BAJO
Mestizos;FEMENINO;0;24;9.335;5.4;1;1;ALTO
Mestizos;MASCULINO;0;24;8.555;21.9;1;1;ALTO
Mestizos;MASCULINO;0;21;8.445;45.2;1;1;BAJO
Mestizos;MASCULINO;0;26;8.865;35.5;1;1;ALTO
Mestizos;MASCULINO;0;23;8.27;36.9;1;1;BAJO
Mestizos;MASCULINO;0;21;9.125;31.9;1;1;ALTO
Mestizos;FEMENINO;0;25;9.58;26.5;1;1;ALTO
Negro;MASCULINO;0;20;8.63;19.8;1;1;ALTO
Mestizos;MASCULINO;0;27;8.735;41.8;1;1;ALTO
Mestizos;FEMENINO;1;25;9.005;22.2;1;1;ALTO
Mestizos;FEMENINO;0;24;8.82;24.5;1;1;ALTO
Mestizos;FEMENINO;0;25;9.005;21.8;1;1;ALTO
Mestizos;MASCULINO;0;22;8.36;17.3;1;1;BAJO
Mestizos;FEMENINO;0;22;9.13;40.6;1;1;ALTO
Mestizos;FEMENINO;0;21;9.45;34.1;1;1;ALTO
Mestizos;FEMENINO;0;22;9.71;35.3;1;1;ALTO
Mestizos;MASCULINO;1;25;9.205;10.1;1;1;ALTO
Montubio;MASCULINO;0;23;8.44;49.2;1;1;BAJO
Mestizos;FEMENINO;0;21;8.68;45.7;1;1;ALTO
Mestizos;MASCULINO;0;25;8.66;27.4;1;1;ALTO
Mestizos;FEMENINO;0;22;9.685;34.6;1;1;ALTO
Mestizos;MASCULINO;0;22;9.44;44.9;1;1;ALTO
Mestizos;MASCULINO;0;22;9.745;1.9;1;1;ALTO
AfroEcuatoriano;MASCULINO;0;22;9.235;18.1;1;1;ALTO
Mestizos;MASCULINO;0;22;9.115;2.6;1;1;ALTO
Mestizos;MASCULINO;0;23;8.815;9.5;1;1;ALTO
Mestizos;FEMENINO;1;22;9.56;27;1;1;ALTO
Mestizos;FEMENINO;0;22;9.43;25.5;1;1;ALTO
Mestizos;MASCULINO;0;22;8.155;6.2;1;1;BAJO
Mestizos;FEMENINO;0;22;8.945;29.8;1;1;ALTO
Mestizos;MASCULINO;1;23;8.135;35.7;1;1;BAJO
Mestizos;FEMENINO;0;22;9.425;31.6;1;1;ALTO
Mestizos;FEMENINO;0;21;9.145;5.2;1;1;ALTO
Mestizos;FEMENINO;0;22;9.18;24.2;1;1;ALTO
Mestizos;MASCULINO;0;22;9.53;27.7;1;1;ALTO
AfroEcuatoriano;MASCULINO;0;22;9.23;28.5;1;1;ALTO
Mestizos;MASCULINO;0;21;9.365;39.9;1;1;ALTO
Mestizos;MASCULINO;0;21;8.94;22.6;1;1;ALTO
Mestizos;FEMENINO;0;24;9.085;34;1;1;ALTO
Mestizos;FEMENINO;0;22;8.92;16.9;1;1;ALTO
Mestizos;MASCULINO;1;31;8.58;7.8;1;1;ALTO
Mestizos;FEMENINO;0;22;9.17;1.6;1;1;ALTO
Mestizos;MASCULINO;0;21;8.7;8.3;1;1;ALTO
Mestizos;MASCULINO;0;24;9.23;9.3;1;1;ALTO
Mestizos;FEMENINO;0;29;9.745;15.4;1;1;ALTO
Mestizos;MASCULINO;0;25;8.535;46.8;1;1;ALTO
Mestizos;MASCULINO;0;22;9.575;22.4;1;1;ALTO
Mestizos;MASCULINO;1;30;8.225;10.7;1;1;BAJO
Blancos;MASCULINO;0;25;9.27;25.6;1;1;ALTO
AfroEcuatoriano;MASCULINO;0;24;8;15.2;1;1;BAJO
Mestizos;MASCULINO;0;23;8.485;1.1;1;1;BAJO
Mestizos;MASCULINO;0;25;8.33;41.3;1;1;BAJO
Mestizos;MASCULINO;0;32;9.06;25.9;1;1;ALTO
Mestizos;FEMENINO;1;33;8.98;22.5;1;1;ALTO
Mestizos;MASCULINO;0;22;9.16;39.3;1;1;ALTO
Mestizos;MASCULINO;0;23;9.465;46.4;1;1;ALTO
Blancos;MASCULINO;0;23;7.49;12.8;1;1;BAJO
Mestizos;FEMENINO;3;34;8.93;1.1;1;1;ALTO
Mestizos;FEMENINO;0;34;9.405;25.1;1;1;ALTO
Mestizos;MASCULINO;0;23;9.295;31;1;1;ALTO
Mestizos;MASCULINO;0;23;9.195;26.6;1;1;ALTO
Mestizos;MASCULINO;0;23;8.91;46.2;1;1;ALTO
Mestizos;FEMENINO;0;21;9.135;32.7;1;1;ALTO
Blancos;MASCULINO;0;24;9.165;27.7;1;1;ALTO
Mestizos;MASCULINO;0;23;8.17;11.7;1;1;BAJO
Mestizos;MASCULINO;2;30;8.305;35.4;1;1;BAJO
Mestizos;MASCULINO;1;32;7.87;26;1;1;BAJO
Blancos;FEMENINO;0;22;9.24;49.6;1;1;ALTO
Mestizos;MASCULINO;0;23;9.47;6.1;1;1;ALTO
Mestizos;MASCULINO;0;24;9.58;2.3;1;1;ALTO
Mestizos;MASCULINO;0;26;8.51;11.8;1;1;ALTO
Mestizos;MASCULINO;0;23;8.425;15;1;1;BAJO
Mestizos;MASCULINO;0;21;8.585;15.9;1;1;ALTO
Mestizos;FEMENINO;0;23;9.075;30.6;1;1;ALTO
Mestizos;MASCULINO;0;23;8.58;11.4;1;1;ALTO
Blancos;MASCULINO;0;22;8.55;45.4;1;1;ALTO
Mestizos;MASCULINO;0;21;8.015;27.6;1;1;BAJO
Mestizos;MASCULINO;0;22;8.675;16.9;1;1;ALTO
Mestizos;FEMENINO;1;22;9.36;33.9;1;1;ALTO
Mestizos;MASCULINO;1;26;8.235;33.9;1;1;BAJO
Mestizos;MASCULINO;0;22;8.76;41;1;1;ALTO
Mestizos;MASCULINO;0;27;8.72;15.4;1;1;ALTO
Mestizos;FEMENINO;0;23;8.805;12.9;1;1;ALTO
Mestizos;FEMENINO;0;22;9.385;21.6;1;1;ALTO
Mestizos;MASCULINO;0;25;9.14;25.7;1;1;ALTO
Mestizos;FEMENINO;0;21;9.21;40.2;1;1;ALTO
Mestizos;FEMENINO;0;24;8.23;15.8;1;1;BAJO
Mestizos;FEMENINO;0;24;8.915;20.3;1;1;ALTO
Mestizos;FEMENINO;0;23;9.285;9.1;1;1;ALTO
Mestizos;FEMENINO;0;22;8.69;49;1;1;ALTO
Indígenas;FEMENINO;0;22;8.97;31.4;1;1;ALTO
Mestizos;MASCULINO;1;22;8.525;15.7;1;1;ALTO
Mestizos;FEMENINO;0;22;9.49;42.9;1;1;ALTO
Mestizos;FEMENINO;0;23;9.48;35.8;1;1;ALTO
Mestizos;MASCULINO;0;22;9.005;17.3;1;1;ALTO
AfroEcuatoriano;MASCULINO;0;22;9.59;26.3;1;1;ALTO
Mestizos;MASCULINO;0;22;9.385;49;1;1;ALTO
Mestizos;MASCULINO;0;23;8.425;37.7;1;1;BAJO
Mestizos;FEMENINO;0;22;7.99;39.5;1;1;BAJO
Mestizos;FEMENINO;0;24;9.02;7.3;1;1;ALTO
Mestizos;MASCULINO;2;22;8.865;2.3;1;1;ALTO
Mestizos;MASCULINO;0;23;8.355;47.6;1;1;BAJO
Mestizos;MASCULINO;0;23;9.115;40.6;1;1;ALTO
Mestizos;MASCULINO;0;22;9.385;6;1;1;ALTO
Mestizos;MASCULINO;2;27;8.295;20.6;1;1;BAJO
Mestizos;MASCULINO;0;23;9.19;16.5;1;1;ALTO
Mestizos;MASCULINO;0;22;8.66;18.8;1;1;ALTO
Mestizos;FEMENINO;0;22;8.935;3.4;1;1;ALTO
AfroEcuatoriano;MASCULINO;0;23;8.485;23.5;1;1;BAJO
Mestizos;MASCULINO;1;22;8.32;24;1;1;BAJO
Mestizos;MASCULINO;0;22;8.375;46.4;1;1;BAJO
Mestizos;MASCULINO;0;23;8.29;2.2;1;1;BAJO
Mestizos;MASCULINO;0;24;8.795;45.6;1;1;ALTO
Mestizos;FEMENINO;1;21;8.49;5.3;1;1;BAJO
Mestizos;FEMENINO;1;25;8.17;49.1;1;1;BAJO
Mestizos;MASCULINO;0;22;9.15;24.7;1;1;ALTO
Mestizos;MASCULINO;0;33;9.14;47.9;1;1;ALTO
Mestizos;FEMENINO;0;22;9.37;38.8;1;1;ALTO
Mestizos;FEMENINO;0;22;9.375;22.5;1;1;ALTO
Mestizos;MASCULINO;0;26;9.32;31.5;1;1;ALTO
Mestizos;MASCULINO;0;22;9.2;26.4;1;1;ALTO
Mestizos;MASCULINO;0;22;9.32;44.1;1;1;ALTO
Mestizos;FEMENINO;1;27;9.475;46.1;1;1;ALTO
AfroEcuatoriano;MASCULINO;0;22;8.575;32.9;1;1;ALTO
Mestizos;MASCULINO;0;22;8.415;47;1;1;BAJO
Mestizos;MASCULINO;0;22;9.045;41;1;1;ALTO
Mestizos;FEMENINO;1;22;8.775;34.8;1;1;ALTO
Mestizos;MASCULINO;0;22;8.725;4.3;1;1;ALTO
Mestizos;FEMENINO;0;22;9.25;21;1;1;ALTO
Mestizos;MASCULINO;0;22;8.935;4.6;1;1;ALTO
Mestizos;MASCULINO;0;22;9.22;39.8;1;1;ALTO
Mestizos;MASCULINO;0;23;9.645;36.8;1;1;ALTO
Mestizos;MASCULINO;0;24;9.185;33.1;1;1;ALTO
Mestizos;MASCULINO;0;21;9.275;26.6;1;1;ALTO
Mestizos;MASCULINO;0;21;9.045;39.7;1;1;ALTO
Mestizos;FEMENINO;1;27;8.475;25.6;1;1;BAJO
Mestizos;FEMENINO;0;22;9.56;28.3;1;1;ALTO
Mestizos;FEMENINO;0;22;9.745;15.7;1;1;ALTO
Mestizos;MASCULINO;0;22;9.12;14.6;1;1;ALTO
Mestizos;MASCULINO;0;22;9.21;4.3;1;1;ALTO
Mestizos;MASCULINO;0;24;8.295;20.1;1;1;BAJO
Mestizos;MASCULINO;1;24;8.465;30.8;1;1;BAJO
Mestizos;MASCULINO;0;23;7.835;16.3;1;1;BAJO
Mestizos;MASCULINO;0;24;8.34;5.7;1;1;BAJO
Mestizos;FEMENINO;0;23;8.405;37.6;1;1;BAJO
Mestizos;MASCULINO;0;23;7.87;19;1;1;BAJO
Mestizos;FEMENINO;0;22;8.565;17;1;1;ALTO
Mestizos;MASCULINO;0;22;9.005;9.7;1;1;ALTO
Mestizos;FEMENINO;0;22;8.775;24.8;1;1;ALTO
Mestizos;FEMENINO;1;21;8.025;45.8;1;1;BAJO
Mestizos;MASCULINO;0;22;9.48;38.1;1;1;ALTO
Mestizos;MASCULINO;0;22;8.795;8.1;1;1;ALTO
Mestizos;FEMENINO;0;22;9.065;39.8;1;1;ALTO
Mestizos;FEMENINO;0;21;9.19;3;1;1;ALTO
Mestizos;MASCULINO;0;22;8.83;23.3;1;1;ALTO
Mestizos;MASCULINO;0;23;8.67;23.5;1;1;ALTO
Mestizos;FEMENINO;0;21;9.34;16.6;1;1;ALTO
Mestizos;FEMENINO;0;25;9.03;17.8;1;1;ALTO
Mestizos;FEMENINO;0;23;8.175;27.9;1;1;BAJO
Mulato;MASCULINO;0;29;8.935;8;1;1;ALTO
Mestizos;FEMENINO;0;23;9.045;33;1;1;ALTO
Mestizos;MASCULINO;0;23;8.485;5.6;1;1;BAJO
Mestizos;FEMENINO;0;22;8.94;40.2;1;1;ALTO
Indígenas;MASCULINO;0;23;9.175;21.8;1;1;ALTO
Mestizos;MASCULINO;0;22;8.64;4;1;1;ALTO
Blancos;MASCULINO;0;23;9.07;10.7;1;1;ALTO
Mulato;FEMENINO;0;22;8.915;43.8;1;1;ALTO
Indígenas;MASCULINO;0;42;9.115;47.7;1;1;ALTO
Mestizos;MASCULINO;0;33;9.055;36;1;1;ALTO
Mestizos;MASCULINO;0;26;9.345;1.1;1;1;ALTO
Mestizos;MASCULINO;0;24;9.27;18.8;1;1;ALTO
Mestizos;FEMENINO;1;29;9.405;31.3;1;1;ALTO
Mestizos;MASCULINO;0;23;8.675;31.9;1;1;ALTO
Mestizos;MASCULINO;0;23;8.86;5.1;1;1;ALTO
Mestizos;MASCULINO;0;4;8.565;15.6;1;1;ALTO
Mestizos;FEMENINO;0;23;9.175;13.3;1;1;ALTO
Mestizos;MASCULINO;0;24;9.02;8;1;1;ALTO
Mestizos;MASCULINO;0;22;9.51;36.7;1;1;ALTO
Mestizos;FEMENINO;2;33;8.965;23.4;1;1;ALTO
Mestizos;MASCULINO;0;28;8.52;41.1;1;1;ALTO
Mestizos;FEMENINO;0;29;8.51;11.9;1;1;ALTO
Mestizos;FEMENINO;2;32;9.32;22.9;1;1;ALTO
Mestizos;FEMENINO;0;22;9.69;28.1;1;1;ALTO
Mestizos;FEMENINO;1;32;8.56;42.2;1;1;ALTO
Montubio;FEMENINO;0;21;9.545;8.6;1;1;ALTO
Mestizos;MASCULINO;0;22;8.61;29.1;1;1;ALTO
Mestizos;MASCULINO;0;22;7.935;2.3;1;1;BAJO
AfroEcuatoriano;MASCULINO;0;23;8.9;35.6;1;1;ALTO
Mestizos;MASCULINO;0;21;9.405;16.9;1;1;ALTO
Mestizos;FEMENINO;0;22;9.31;37.1;1;1;ALTO
Mestizos;FEMENINO;0;30;8.995;26.2;1;1;ALTO
Mestizos;FEMENINO;0;24;8.8;20.7;1;1;ALTO
Mestizos;MASCULINO;0;21;8.95;3.4;1;1;ALTO
Mestizos;FEMENINO;0;23;8.84;44;1;1;ALTO
Mestizos;FEMENINO;0;26;9.07;23.9;1;1;ALTO
Mestizos;MASCULINO;0;28;8.88;7.1;1;1;ALTO
Mestizos;MASCULINO;0;29;8.885;39.5;1;1;ALTO
Montubio;MASCULINO;0;4;8.92;39.1;1;1;ALTO
Mestizos;FEMENINO;0;22;8.68;19;1;1;ALTO
Mestizos;MASCULINO;0;22;9.255;10.2;1;1;ALTO
Blancos;FEMENINO;0;23;8.915;24.1;1;1;ALTO
AfroEcuatoriano;FEMENINO;0;24;8.405;14.9;1;1;BAJO
Mestizos;FEMENINO;1;22;8.63;9.6;1;1;ALTO
Mestizos;MASCULINO;0;22;8.91;24;1;1;ALTO
AfroEcuatoriano;MASCULINO;1;23;7.845;5.4;1;1;BAJO
Mestizos;MASCULINO;0;26;8.95;19.4;1;1;ALTO
Mestizos;MASCULINO;1;29;7.885;22.9;1;1;BAJO
Mestizos;MASCULINO;0;28;8.515;2.3;1;1;ALTO
Mestizos;MASCULINO;0;24;9.59;8.8;1;1;ALTO
Mestizos;MASCULINO;0;23;9.065;47;1;1;ALTO
Mestizos;MASCULINO;0;28;8.31;7.1;1;1;BAJO
Mestizos;FEMENINO;0;22;8.865;14.5;1;1;ALTO
Mestizos;MASCULINO;0;23;9.345;4.4;1;1;ALTO
Blancos;MASCULINO;0;22;9.165;28.9;1;1;ALTO
Mestizos;MASCULINO;0;23;9.33;28.5;1;1;ALTO
Mestizos;FEMENINO;0;23;9.79;48.8;1;1;ALTO
Mestizos;MASCULINO;0;21;9.625;19.9;1;1;ALTO
Mestizos;MASCULINO;0;22;8.71;29.6;1;1;ALTO
Mestizos;FEMENINO;0;22;8.875;46.4;1;1;ALTO
Mestizos;FEMENINO;0;22;9.605;43.1;1;1;ALTO
Mestizos;FEMENINO;0;22;9.33;31.1;1;1;ALTO
Mestizos;FEMENINO;0;23;9.41;1.1;1;1;ALTO
Mestizos;MASCULINO;0;22;9.6;41.1;1;1;ALTO
Mestizos;MASCULINO;0;23;9.41;7.1;1;1;ALTO
Mestizos;FEMENINO;1;23;8.38;42;1;1;BAJO
Mestizos;MASCULINO;0;22;9.145;15.7;1;1;ALTO
Mestizos;FEMENINO;0;22;9.525;41.3;1;1;ALTO
Mestizos;MASCULINO;0;22;7.655;23.4;1;1;BAJO
Mestizos;FEMENINO;0;22;9.43;36.5;1;1;ALTO
Mestizos;FEMENINO;0;22;9.075;31.3;1;1;ALTO
AfroEcuatoriano;MASCULINO;0;23;7.61;20.2;1;1;BAJO
Mestizos;MASCULINO;0;26;8.95;6.8;1;1;ALTO
Mestizos;MASCULINO;0;22;8.25;37.3;1;1;BAJO
Mestizos;MASCULINO;0;22;8.855;35.4;1;1;ALTO
Mestizos;FEMENINO;0;22;8.94;1.3;1;1;ALTO
Mestizos;MASCULINO;0;22;8.65;9.2;1;1;ALTO
Mestizos;MASCULINO;0;22;8.37;38.5;1;1;BAJO
Mestizos;MASCULINO;0;21;9.625;17.6;1;1;ALTO
Mestizos;MASCULINO;0;22;9.045;11.1;1;1;ALTO
AfroEcuatoriano;MASCULINO;0;22;9.19;27;1;1;ALTO
Mestizos;MASCULINO;0;23;9.54;14.9;1;1;ALTO
Mestizos;MASCULINO;0;23;8.145;5.6;1;1;BAJO
Blancos;FEMENINO;0;22;9.17;39.4;1;1;ALTO
Mestizos;MASCULINO;0;22;9.36;4.3;1;1;ALTO
Mestizos;MASCULINO;0;22;9.14;28.1;1;1;ALTO
Mestizos;FEMENINO;0;22;9.66;12;1;1;ALTO
Mestizos;MASCULINO;0;24;9.02;31.5;1;1;ALTO
Blancos;MASCULINO;0;22;7.94;3;1;1;BAJO
Blancos;MASCULINO;0;23;9.55;3.8;1;1;ALTO
Mestizos;MASCULINO;0;22;9.355;28.3;1;1;ALTO
Blancos;MASCULINO;0;22;9.14;3.6;1;1;ALTO
Mestizos;FEMENINO;0;22;8.61;10.5;1;1;ALTO
Mestizos;MASCULINO;0;22;8.78;22.6;1;1;ALTO
Mestizos;MASCULINO;0;22;8.79;4.9;1;1;ALTO
Mestizos;FEMENINO;1;21;9.35;9.6;1;1;ALTO
Mestizos;FEMENINO;0;27;9.055;2.8;1;1;ALTO
Blancos;MASCULINO;0;22;9.105;12.9;1;1;ALTO
Mestizos;MASCULINO;0;22;8.295;36.5;1;1;BAJO
Mestizos;MASCULINO;0;22;9.535;2.4;1;1;ALTO
Mestizos;FEMENINO;0;25;8.98;44.1;1;1;ALTO
Blancos;MASCULINO;0;25;8.78;35.7;1;1;ALTO
Mestizos;FEMENINO;1;24;8.07;21.7;1;1;BAJO
Mestizos;MASCULINO;0;24;8.92;40.6;1;1;ALTO
Mestizos;MASCULINO;0;22;8.425;39.4;1;1;BAJO
Mestizos;MASCULINO;0;22;8.645;11.7;1;1;ALTO
Mestizos;FEMENINO;0;22;9.49;49.9;1;1;ALTO
Mestizos;MASCULINO;0;22;9.015;45.7;1;1;ALTO
Mestizos;MASCULINO;0;26;8.17;39.8;1;1;BAJO
Mestizos;FEMENINO;0;22;9.515;36.8;1;1;ALTO
AfroEcuatoriano;MASCULINO;0;22;9.195;5.3;1;1;ALTO
Mestizos;MASCULINO;0;22;9.23;45.7;1;1;ALTO
Mestizos;FEMENINO;0;22;8.84;42.6;1;1;ALTO
Mestizos;FEMENINO;0;23;9.62;46.6;1;1;ALTO
Blancos;FEMENINO;0;22;9.285;13.8;1;1;ALTO
Mestizos;MASCULINO;0;22;9.285;39.2;1;1;ALTO
Mestizos;MASCULINO;0;22;9.21;21.2;1;1;ALTO
Mestizos;FEMENINO;0;22;9.96;36.9;1;1;ALTO
Mestizos;MASCULINO;0;22;9.255;46.1;1;1;ALTO
Mestizos;MASCULINO;0;21;8.725;26.5;1;1;ALTO
Mestizos;FEMENINO;0;22;8.645;48.6;1;1;ALTO
Mestizos;MASCULINO;0;22;8.28;4.3;1;1;BAJO
Mestizos;FEMENINO;0;22;9.485;7.4;1;1;ALTO
Mestizos;MASCULINO;0;23;9.175;24.1;1;1;ALTO
Mestizos;MASCULINO;0;23;8.945;42.8;1;1;ALTO
Mestizos;MASCULINO;0;22;8.18;43;1;1;BAJO
Mestizos;MASCULINO;0;23;8.225;47.1;1;1;BAJO
Mestizos;MASCULINO;0;22;8.68;18.3;1;1;ALTO
Mestizos;MASCULINO;0;22;9.38;2.5;1;1;ALTO
Mestizos;FEMENINO;0;23;9.445;2;1;1;ALTO
Mestizos;MASCULINO;0;22;9.255;22.4;1;1;ALTO
Mestizos;FEMENINO;0;23;8.895;22.7;1;1;ALTO
Mestizos;MASCULINO;0;22;9.375;13.9;1;1;ALTO
Mestizos;FEMENINO;0;23;9.16;39.8;1;1;ALTO
Mestizos;FEMENINO;0;22;9.72;37.6;1;1;ALTO
Mestizos;FEMENINO;0;22;9.485;34.9;1;1;ALTO
Mestizos;MASCULINO;0;22;8.325;21.6;1;1;BAJO
Mestizos;MASCULINO;0;23;9.465;26.7;1;1;ALTO
Mestizos;MASCULINO;0;22;9.245;37.2;1;1;ALTO
Mestizos;FEMENINO;0;22;9.64;26.5;1;1;ALTO
Mestizos;FEMENINO;0;23;9.475;13.4;1;1;ALTO
Mestizos;MASCULINO;0;21;8.76;11.4;1;1;ALTO
Mestizos;MASCULINO;0;23;9.295;46.8;1;1;ALTO
Mestizos;MASCULINO;0;22;8.685;36.6;1;1;ALTO
Mestizos;MASCULINO;0;24;9.48;7.5;1;1;ALTO
Mestizos;MASCULINO;0;22;9.48;3;1;1;ALTO
AfroEcuatoriano;FEMENINO;0;23;9.54;11.3;1;1;ALTO
Blancos;MASCULINO;0;22;9.395;1.4;1;1;ALTO
Blancos;MASCULINO;0;24;8.54;37;1;1;ALTO
Mestizos;MASCULINO;0;23;8.605;5.8;1;1;ALTO
Mestizos;FEMENINO;0;22;9.16;20.3;1;1;ALTO
Mestizos;FEMENINO;0;22;9.695;25.7;1;1;ALTO
Mestizos;MASCULINO;0;22;9.19;20.3;1;1;ALTO
Mestizos;FEMENINO;0;4;9.345;26.4;1;1;ALTO
Mestizos;FEMENINO;0;23;9.025;29.1;1;1;ALTO
Mestizos;MASCULINO;0;22;9;25.3;1;1;ALTO
Mestizos;MASCULINO;0;24;9.425;11.4;1;1;ALTO
Mestizos;MASCULINO;0;22;9.525;22.2;1;1;ALTO
Mestizos;FEMENINO;0;22;9.415;18.2;1;1;ALTO
Mestizos;FEMENINO;0;26;9.305;11.7;1;1;ALTO
Mestizos;MASCULINO;0;22;8.72;33.8;1;1;ALTO
Mestizos;MASCULINO;0;23;8.3;30.6;1;1;BAJO
Mestizos;MASCULINO;0;22;9.01;10.9;1;1;ALTO
Mestizos;FEMENINO;0;22;9.485;38.4;1;1;ALTO
Mestizos;MASCULINO;0;24;8.89;48.9;1;1;ALTO
Mestizos;MASCULINO;0;23;8.755;46;1;1;ALTO
Mestizos;FEMENINO;0;22;9.655;19.4;1;1;ALTO
Mestizos;FEMENINO;0;24;9.445;49.7;1;1;ALTO
Mestizos;FEMENINO;0;23;8.615;30.6;1;1;ALTO
Mestizos;FEMENINO;2;48;9.24;16.6;1;1;ALTO
Mulato;MASCULINO;1;35;8.67;34.7;1;1;ALTO
Mestizos;FEMENINO;3;33;9.25;5.2;1;1;ALTO
Mestizos;MASCULINO;0;23;9.45;8.5;1;1;ALTO
Mestizos;MASCULINO;0;29;9.345;34.7;1;1;ALTO
Mestizos;FEMENINO;0;23;9.74;15.1;1;1;ALTO
Mestizos;FEMENINO;0;22;9.03;37.7;1;1;ALTO
Mestizos;FEMENINO;0;24;9.58;11.8;1;1;ALTO
Mestizos;FEMENINO;4;39;9.055;28.9;1;1;ALTO
Mestizos;MASCULINO;2;31;8.66;2.6;1;1;ALTO
Mestizos;FEMENINO;0;23;9.725;40.9;1;1;ALTO
Mestizos;MASCULINO;2;35;8.745;4.5;1;1;ALTO
Mestizos;MASCULINO;0;25;9.365;8.7;1;1;ALTO
Mestizos;FEMENINO;0;34;9.395;41.4;1;1;ALTO
Mestizos;MASCULINO;0;30;9.555;26;1;1;ALTO
Mestizos;MASCULINO;0;26;9.455;13.6;1;1;ALTO
Mestizos;MASCULINO;0;23;9.35;2;1;1;ALTO
Montubio;MASCULINO;0;27;8.76;50;1;1;ALTO
Mestizos;MASCULINO;0;23;9.295;18.4;1;1;ALTO
Mestizos;FEMENINO;0;22;8.62;31.8;1;1;ALTO
Mestizos;MASCULINO;3;32;8.52;41.3;1;1;ALTO
Mestizos;MASCULINO;0;26;9.04;7.8;1;1;ALTO
Mestizos;FEMENINO;4;30;8.485;21.2;1;1;BAJO
Mestizos;MASCULINO;0;22;8.91;41.7;1;1;ALTO
Montubio;MASCULINO;0;25;8.97;8.4;1;1;ALTO
Mestizos;FEMENINO;0;23;9.24;7.5;1;1;ALTO
Mestizos;MASCULINO;1;30;8.37;32;1;1;BAJO
Blancos;FEMENINO;0;28;9.08;35.3;1;1;ALTO
Mestizos;MASCULINO;0;26;8.305;8.8;1;1;BAJO
Montubio;FEMENINO;0;23;9.265;23.9;1;1;ALTO
Mestizos;FEMENINO;0;25;9.105;15.2;1;1;ALTO
Mestizos;MASCULINO;0;25;9.54;47.5;1;1;ALTO
Mestizos;MASCULINO;0;24;9.025;30.7;1;1;ALTO
Mestizos;MASCULINO;0;24;9.31;36.5;1;1;ALTO
Mestizos;MASCULINO;0;25;9.395;18.3;1;1;ALTO
Mestizos;FEMENINO;1;24;8.17;4.7;1;1;BAJO
Mestizos;MASCULINO;0;28;9.095;10.1;1;1;ALTO
Mestizos;MASCULINO;0;23;9.52;26.4;1;1;ALTO
Mestizos;MASCULINO;0;23;8.845;27.5;1;1;ALTO
Mestizos;MASCULINO;0;24;8.465;28.6;1;1;BAJO
Mestizos;FEMENINO;0;22;9.205;21.8;1;1;ALTO
Mestizos;MASCULINO;0;22;8.25;37.6;1;1;BAJO
Mestizos;MASCULINO;0;24;8.12;27.4;1;1;BAJO
Mestizos;MASCULINO;0;24;9.62;43.2;1;1;ALTO
Mestizos;MASCULINO;0;25;8.465;43;1;1;BAJO
Montubio;MASCULINO;0;24;8.435;25.9;1;1;BAJO
Mestizos;MASCULINO;0;23;9.335;29.9;1;1;ALTO
Mestizos;MASCULINO;0;23;9.055;23.4;1;1;ALTO
Mestizos;MASCULINO;0;23;9.145;4.5;1;1;ALTO
Montubio;FEMENINO;1;25;9.315;24.5;1;1;ALTO
Mestizos;MASCULINO;1;25;8.8;28;1;1;ALTO
Mestizos;MASCULINO;0;24;8.87;3.2;1;1;ALTO
Blancos;FEMENINO;0;22;9.48;36.4;1;1;ALTO
Mestizos;MASCULINO;0;24;9.035;9.4;1;1;ALTO
Mestizos;FEMENINO;1;23;9.05;25.4;1;1;ALTO
Mestizos;MASCULINO;0;24;8.845;1.2;1;1;ALTO
Mestizos;FEMENINO;0;24;9.105;11.3;1;1;ALTO
Mestizos;FEMENINO;0;27;8.695;31.9;1;1;ALTO
Montubio;MASCULINO;0;24;8.35;2.3;1;1;BAJO
Mestizos;MASCULINO;0;24;7.805;45.8;1;1;BAJO
Mestizos;MASCULINO;0;27;8.13;28.6;1;1;BAJO
Mestizos;FEMENINO;0;23;8.27;10.7;1;1;BAJO
Blancos;MASCULINO;0;23;9.765;15.4;1;1;ALTO
Mestizos;FEMENINO;0;24;8.66;6.4;1;1;ALTO
Mestizos;MASCULINO;0;28;9.62;42.5;1;1;ALTO
Mestizos;MASCULINO;0;27;8.915;27.9;1;1;ALTO
Mestizos;FEMENINO;0;23;9.09;47.1;1;1;ALTO
Mestizos;FEMENINO;0;22;9.425;18.4;1;1;ALTO
Mulato;MASCULINO;0;23;9.15;27.4;1;1;ALTO
Mestizos;FEMENINO;1;24;9;49.6;1;1;ALTO
Mestizos;MASCULINO;0;23;9.355;33.5;1;1;ALTO
Mestizos;MASCULINO;0;26;8.5;42.6;1;1;BAJO
Mestizos;FEMENINO;0;24;9.61;5.2;1;1;ALTO
Mestizos;FEMENINO;0;22;9.03;11.6;1;1;ALTO
Mestizos;MASCULINO;0;26;8.985;11.5;1;1;ALTO
Mestizos;FEMENINO;1;22;9.435;2.2;1;1;ALTO
Mestizos;MASCULINO;0;27;7.885;23.6;1;1;BAJO
Mestizos;MASCULINO;0;26;8.96;4.9;1;1;ALTO
Mestizos;FEMENINO;0;22;9.575;14.6;1;1;ALTO
Mestizos;MASCULINO;0;23;9.395;42;1;1;ALTO
Mestizos;FEMENINO;0;22;8.21;34.3;1;1;BAJO
Mestizos;MASCULINO;1;26;8.035;14.4;1;1;BAJO
Mestizos;FEMENINO;0;27;8.64;37.4;1;1;ALTO
Mestizos;FEMENINO;0;23;9.14;15.8;1;1;ALTO
Mestizos;FEMENINO;0;23;9.205;9.3;1;1;ALTO
Mestizos;FEMENINO;0;24;8.96;1;1;1;ALTO
Mestizos;MASCULINO;0;25;8.825;21;1;1;ALTO
Mestizos;MASCULINO;0;24;7.98;29.5;1;1;BAJO
Blancos;MASCULINO;0;23;7.925;36.2;1;1;BAJO
Mestizos;FEMENINO;2;24;8.83;7.5;1;1;ALTO
Mestizos;MASCULINO;0;22;8.86;43.3;1;1;ALTO
Mestizos;FEMENINO;0;23;9.675;46.5;1;1;ALTO
Mestizos;FEMENINO;1;26;8.9;21.8;1;1;ALTO
Mestizos;FEMENINO;0;22;9.35;49;1;1;ALTO
Mestizos;FEMENINO;0;23;8.86;49.8;1;1;ALTO
Mestizos;MASCULINO;1;24;8.94;6.2;1;1;ALTO
Mestizos;FEMENINO;0;23;8.92;31.7;1;1;ALTO
Mestizos;FEMENINO;0;25;9.25;17.5;1;1;ALTO
Mestizos;FEMENINO;0;24;9.235;46.9;1;1;ALTO
Mestizos;MASCULINO;0;25;8.81;14.2;1;1;ALTO
Mestizos;FEMENINO;0;23;8.98;11.6;1;1;ALTO
Mestizos;MASCULINO;0;23;9.415;30.1;1;1;ALTO
Mestizos;MASCULINO;0;24;9.545;27.6;1;1;ALTO
Mestizos;MASCULINO;0;26;8.865;36.7;1;1;ALTO
Mestizos;FEMENINO;0;23;8.71;36.7;1;1;ALTO
Mestizos;FEMENINO;1;22;9.035;20.4;1;1;ALTO
Mestizos;MASCULINO;0;27;8.95;1.5;1;1;ALTO
Mestizos;MASCULINO;0;24;8.485;20.6;1;1;BAJO
Mestizos;MASCULINO;0;23;9.19;32;1;1;ALTO
Mestizos;MASCULINO;0;23;8.935;37;1;1;ALTO
Mestizos;FEMENINO;0;24;9.035;23.8;1;1;ALTO
Mestizos;FEMENINO;1;23;8.84;40.5;1;1;ALTO
Blancos;MASCULINO;0;23;8.215;22;1;1;BAJO
Mestizos;MASCULINO;1;24;8.735;5.3;1;1;ALTO
Mestizos;FEMENINO;0;23;8.805;17.5;1;1;ALTO
Mestizos;FEMENINO;0;23;9;32.7;1;1;ALTO
Mestizos;FEMENINO;0;22;8.245;42;1;1;BAJO
Mestizos;MASCULINO;0;26;8.51;8.5;1;1;ALTO
Mestizos;MASCULINO;0;23;9.47;11.7;1;1;ALTO
Mestizos;MASCULINO;0;25;7.985;39.6;1;1;BAJO
Mestizos;MASCULINO;1;23;8.225;8.7;1;1;BAJO
Mestizos;MASCULINO;0;24;8.535;10.1;1;1;ALTO
Mestizos;MASCULINO;0;23;9.235;12.5;1;1;ALTO
Blancos;FEMENINO;0;24;8.975;34.8;1;1;ALTO
Mestizos;FEMENINO;0;23;9.515;45.5;1;1;ALTO
Mestizos;FEMENINO;1;23;7.97;28.2;1;1;BAJO
Mestizos;MASCULINO;0;22;9.405;17;1;1;ALTO
Mestizos;MASCULINO;0;23;8.715;44.2;1;1;ALTO
Mestizos;FEMENINO;1;22;9.19;19.2;1;1;ALTO
Montubio;MASCULINO;0;23;8.275;39.1;1;1;BAJO
Mestizos;FEMENINO;0;24;9.32;34.6;1;1;ALTO
Mestizos;MASCULINO;1;31;9.045;41.8;1;1;ALTO
Mestizos;MASCULINO;0;25;9.03;26.8;1;1;ALTO
Mulato;MASCULINO;0;24;7.695;24.6;1;1;BAJO
Mestizos;MASCULINO;0;26;9.025;34.3;1;1;ALTO
AfroEcuatoriano;MASCULINO;0;25;9.025;9.2;1;1;ALTO
Mestizos;MASCULINO;0;26;9.67;42.8;1;1;ALTO
